5260.85336 19.158 0.050
5260.90029 18.975 0.042
5261.79151 19.016 0.052
5262.82995 19.016 0.132
5264.81438 19.135 0.054
5264.86761 19.042 0.045
5264.88488 19.140 0.047
5265.79053 19.031 0.043
5266.77867 19.019 0.049
5267.82049 18.960 0.038
5268.79175 18.891 0.040
5269.78659 19.022 0.037
5270.83098 19.049 0.035
5271.78605 18.978 0.039
5272.79290 19.066 0.047
5273.84752 19.215 0.043
5274.79627 19.036 0.044
5275.78200 19.186 0.056
5275.91321 18.982 0.054
5276.81684 19.097 0.037
5277.78307 19.098 0.041
5277.91208 19.086 0.048
5278.79310 18.980 0.043
5279.79366 19.146 0.061
5279.91738 19.078 0.054
5280.84535 18.987 0.033
5281.78084 19.026 0.039
5281.91750 19.091 0.056
5282.76133 19.012 0.048
5282.90601 19.132 0.039
5283.76251 19.237 0.074
5284.76449 18.965 0.053
5285.76013 19.153 0.073
5285.88949 19.126 0.049
5286.75136 19.061 0.060
5287.82100 19.141 0.046
5288.75436 19.072 0.054
5292.82453 19.144 0.079
5293.83250 18.990 0.038
5294.73371 19.199 0.043
5294.77287 18.928 0.029
5294.80995 19.027 0.029
5294.87767 18.947 0.025
5294.91964 19.031 0.038
5295.77456 19.070 0.034
5295.81298 19.067 0.034
5295.85088 18.912 0.028
5295.88972 18.981 0.032
5296.77747 19.116 0.037
5296.81499 18.921 0.027
5296.85240 19.131 0.031
5296.89087 18.962 0.029
5297.77338 18.974 0.032
5297.81144 19.098 0.034
5297.84931 19.013 0.028
5297.88800 18.931 0.029
5298.77428 19.225 0.042
5298.81220 18.955 0.032
5298.84997 18.958 0.033
5298.88952 19.140 0.033
5298.92302 18.929 0.037
5299.91352 19.025 0.033
5300.86771 18.925 0.029
5300.90848 19.235 0.043
5301.76353 19.195 0.041
5301.80103 18.934 0.032
5301.83849 19.024 0.039
5301.87720 19.126 0.040
5301.91698 19.053 0.056
5304.76317 19.173 0.049
5306.69682 18.924 0.040
5306.75956 19.150 0.039
5306.79853 18.948 0.030
5306.86215 19.099 0.036
5306.90174 19.038 0.031
5307.68653 18.957 0.039
5307.74961 18.987 0.037
5307.81109 18.959 0.031
5307.84957 19.015 0.034
5307.89046 18.942 0.032
5307.92789 19.055 0.047
5308.73973 18.955 0.040
5308.80123 19.140 0.037
5308.83870 18.957 0.032
5308.88659 19.015 0.033
5309.74043 19.091 0.040
5309.81092 18.995 0.035
5309.85465 19.178 0.041
5309.89362 18.981 0.033
5309.93089 18.978 0.046
5310.72128 19.253 0.054
5310.77757 18.929 0.040
5310.85893 19.067 0.031
5310.89089 19.018 0.034
5310.92835 19.095 0.043
5311.82142 18.954 0.038
5311.87745 19.055 0.040
5311.92227 19.040 0.043
5312.74745 19.205 0.057
5312.78983 19.029 0.047
5312.82786 19.059 0.054
5312.87211 18.997 0.046
5312.91171 19.024 0.043
5313.78387 18.921 0.059
5313.82273 19.022 0.057
5313.86240 18.984 0.060
5313.90063 19.225 0.059
5314.67151 19.172 0.082
5314.71197 19.007 0.067
5314.75125 19.102 0.060
5314.79118 18.992 0.060
5314.84872 19.033 0.056
5314.88615 19.162 0.056
5314.92359 18.903 0.044
5315.68901 19.120 0.073
5315.73693 18.968 0.064
5315.77447 18.975 0.062
5315.81220 19.099 0.054
5315.85238 18.950 0.055
5315.89451 18.864 0.050
5316.68015 19.173 0.087
5316.72730 18.877 0.056
5316.77034 19.002 0.069
5316.80769 19.265 0.096
5316.86456 19.185 0.087
5320.64247 18.911 0.044
5320.68705 18.878 0.043
5320.73097 19.049 0.045
5320.76818 19.008 0.046
5320.80590 18.968 0.056
5320.84912 19.088 0.047
5320.88751 18.899 0.038
5320.92908 19.077 0.059
5321.71528 19.134 0.050
5321.75273 19.022 0.045
5321.79238 19.352 0.067
5321.83078 19.016 0.059
5321.87208 19.357 0.063
5321.90947 19.063 0.050
5322.69576 18.974 0.039
5323.66592 19.083 0.056
5323.73217 19.089 0.053
5323.77046 19.032 0.043
5323.81056 19.196 0.050
5323.85184 18.993 0.041
5323.89043 18.988 0.043
5323.92789 19.100 0.045
5324.70432 18.999 0.049
5324.74345 19.081 0.041
5324.78085 19.098 0.047
5324.82098 18.973 0.043
5324.85991 19.137 0.047
5324.89727 19.097 0.043
5324.93783 18.981 0.067
5325.68754 18.968 0.037
5325.72404 19.157 0.038
5325.76221 18.976 0.034
5325.79950 18.967 0.033
5325.84775 19.188 0.045
5325.88781 18.877 0.035
5325.92829 19.249 0.061
5326.63560 18.970 0.048
5326.72205 19.058 0.043
5326.76011 18.981 0.037
5326.79851 19.111 0.036
5326.83783 19.003 0.037
5326.87648 18.993 0.041
5326.91372 19.168 0.048
5327.64480 19.166 0.036
5327.74700 19.185 0.040
5327.78548 19.071 0.041
5327.82433 19.239 0.048
5327.86320 19.099 0.043
5327.90138 18.925 0.036
5327.93912 18.969 0.074
5328.67215 19.015 0.037
5328.74072 19.157 0.043
5328.77929 19.013 0.037
5328.81926 19.113 0.044
5328.85785 18.966 0.038
5328.89553 19.074 0.043
5328.93302 18.908 0.050
5334.61842 18.994 0.047
5334.68455 19.316 0.087
5334.76488 19.013 0.034
5334.82221 18.957 0.035
5334.86276 18.936 0.039
5334.90329 19.133 0.053
5334.94125 18.991 0.077
5335.74763 19.176 0.041
5335.78679 18.894 0.033
5335.82682 19.108 0.041
5335.86466 19.115 0.042
5335.90219 19.030 0.052
5335.94126 18.987 0.081
5336.84609 18.990 0.039
5336.91133 19.168 0.050
5337.75771 19.184 0.042
5337.79713 18.904 0.035
5337.83554 18.925 0.044
5337.87389 19.203 0.069
5337.91253 19.066 0.058
5338.75498 19.082 0.047
5338.79417 19.141 0.062
5338.83580 19.132 0.077
5338.89539 19.013 0.075
5339.67063 19.113 0.062
5339.70836 19.052 0.052
5339.80197 19.029 0.049
5339.86775 19.022 0.057
5339.90795 19.218 0.094
5339.94580 18.958 0.083
5340.65453 18.946 0.056
5340.69390 18.876 0.044
5340.78121 18.985 0.048
5340.83676 19.002 0.043
5340.87518 19.121 0.060
5340.91296 19.101 0.091
5341.58699 18.932 0.060
5341.62522 19.032 0.046
5341.73171 19.092 0.040
5341.80601 19.092 0.045
5341.84420 19.069 0.047
5341.88201 18.946 0.039
5341.92239 19.107 0.048
5342.59661 19.164 0.090
5342.63395 19.059 0.082
5342.67157 19.271 0.070
5342.70902 18.892 0.044
5342.74756 18.986 0.049
5342.79172 19.263 0.075
5342.82977 18.961 0.048
5342.86773 19.051 0.066
5342.90552 19.146 0.073
5342.94339 18.863 0.086
5343.61482 19.280 0.094
5343.65250 19.203 0.078
5343.69022 18.976 0.051
5343.72830 19.159 0.058
5343.76714 18.983 0.051
5343.80713 18.975 0.050
5343.84565 19.064 0.055
5343.89645 18.969 0.057
5343.93428 19.123 0.077
5348.66221 19.059 0.047
5348.72743 19.219 0.060
5348.79271 18.944 0.042
5348.83103 19.132 0.046
5348.87487 18.979 0.060
5348.91518 18.879 0.044
5349.59049 19.129 0.062
5349.67309 19.250 0.069
5349.74127 18.844 0.049
5349.80624 19.164 0.055
5349.84401 19.072 0.056
5350.64374 19.090 0.063
5350.68146 19.033 0.048
5350.71996 18.932 0.053
5351.57996 19.045 0.053
5351.63742 19.071 0.040
5351.71571 19.115 0.040
5351.80032 19.054 0.051
5351.87843 18.911 0.052
5351.91640 18.973 0.053
5352.64101 18.923 0.038
5352.73195 18.943 0.034
5352.88458 19.063 0.049
5352.92220 18.921 0.046
5353.61966 19.068 0.041
5353.69976 19.010 0.034
5353.76962 19.062 0.040
5353.80768 18.957 0.033
5353.85218 19.210 0.048
5353.89646 18.905 0.042
5354.64458 18.985 0.038
5354.73275 19.009 0.041
5354.82850 19.126 0.045
5354.86886 18.899 0.042
5354.90744 19.105 0.064
5355.58542 19.061 0.040
5355.66915 19.187 0.043
5355.75734 19.083 0.042
5355.81297 18.947 0.046
5355.86121 19.081 0.068
5355.89897 18.971 0.052
5357.66794 19.111 0.044
5357.75786 18.923 0.043
5357.87092 19.032 0.067
5358.63614 19.184 0.040
5358.73111 19.051 0.043
5358.83225 19.072 0.045
5359.57655 19.053 0.062
5359.62076 19.265 0.070
5359.67390 19.036 0.043
5359.72111 19.135 0.057
5359.77126 18.942 0.043
5359.81140 19.250 0.050
5359.85711 18.986 0.053
5359.89637 18.883 0.052
5361.66898 19.055 0.053
5362.58360 19.044 0.061
5362.65108 18.944 0.037
5362.74408 19.031 0.039
5362.86208 18.907 0.045
5362.90712 19.082 0.072
5364.55285 18.961 0.044
5364.62513 19.124 0.041
5364.71964 19.220 0.052
5364.78082 19.010 0.053
5364.82026 19.230 0.058
5364.86035 18.934 0.038
5364.89846 19.061 0.055
5365.57055 19.170 0.060
5365.64537 18.971 0.040
5365.74048 18.921 0.038
5365.82874 18.989 0.045
5365.86739 19.209 0.062
5365.90473 19.062 0.068
5368.64642 19.132 0.065
5369.72858 19.127 0.069
5369.77391 19.027 0.072
5369.81188 19.125 0.066
5369.85266 19.172 0.071
5376.65853 19.239 0.092
5376.69891 19.005 0.055
5376.73714 18.965 0.052
5376.77595 19.103 0.056
5376.81410 18.922 0.063
5376.85206 18.977 0.074
5377.54863 18.938 0.043
5377.59134 19.047 0.061
5377.62954 19.136 0.050
5377.70322 19.028 0.043
5377.74667 18.956 0.049
5377.78939 18.975 0.048
5377.82710 19.166 0.066
5377.86528 18.890 0.054
5378.54904 19.020 0.042
5378.63370 18.920 0.036
5378.72268 18.941 0.034
5378.76098 19.039 0.037
5378.79951 19.095 0.044
5378.83939 18.918 0.046
5378.87711 19.021 0.060
5379.51614 19.161 0.053
5379.58578 18.935 0.038
5379.67183 18.935 0.043
5379.74434 19.111 0.043
5379.78200 18.983 0.043
5379.81992 19.065 0.053
5379.86049 19.114 0.070
5380.52762 18.954 0.038
5380.56812 19.089 0.039
5380.65217 18.964 0.037
5380.72337 19.009 0.035
5380.76161 18.914 0.036
5380.79947 19.119 0.054
5380.83740 18.945 0.065
5381.53714 19.068 0.054
5381.57471 19.217 0.075
5381.61486 19.023 0.062
5381.67421 19.108 0.053
5381.71252 19.038 0.058
5381.75066 19.078 0.078
5381.79758 19.058 0.060
5381.83571 19.001 0.064
5382.52592 19.095 0.063
5382.56350 19.153 0.078
5382.61292 19.201 0.058
5382.65083 19.004 0.043
5382.69261 19.090 0.049
5382.73245 19.148 0.064
5382.77025 18.867 0.066
5382.82095 19.141 0.076
5383.77655 19.149 0.061
5384.80008 18.789 0.056
5385.47067 18.960 0.060
5385.50989 19.013 0.042
5385.81041 19.177 0.039
5385.84797 19.083 0.043
5386.47831 18.976 0.040
5386.56051 19.063 0.039
5386.60757 18.882 0.033
5386.64396 19.048 0.037
5386.74341 19.033 0.035
5386.78168 19.041 0.035
5386.82469 18.945 0.037
5387.50393 19.094 0.037
5387.61293 19.087 0.029
5387.64770 19.008 0.025
5387.68716 18.917 0.030
5387.72579 19.153 0.033
5387.76655 19.053 0.037
5387.80776 19.046 0.042
5388.46773 18.965 0.063
5388.50533 18.941 0.041
5388.56524 19.122 0.044
5388.67765 19.066 0.039
5388.76433 18.923 0.036
5388.80758 19.077 0.045
5388.84645 18.974 0.051
5389.49504 18.965 0.045
5389.53318 19.216 0.051
5389.61851 18.998 0.035
5389.72375 19.118 0.045
5389.78412 19.026 0.050
5389.82465 18.940 0.041
5390.46950 19.011 0.066
5390.52432 19.059 0.068
5390.56635 18.966 0.043
5390.65192 18.934 0.042
5390.69816 19.141 0.045
5390.74762 19.005 0.036
5390.78557 19.035 0.039
5390.82325 19.219 0.052
5391.51830 18.942 0.050
5391.55708 19.208 0.072
5391.61665 18.926 0.034
5391.72592 18.893 0.039
5391.80920 19.016 0.043
5391.84666 18.980 0.055
5392.49444 19.098 0.055
5392.53316 19.264 0.058
5392.59460 19.021 0.038
5392.70472 18.940 0.038
5392.78668 18.851 0.031
5392.82431 18.993 0.045
5393.63967 18.971 0.045
5393.67939 19.060 0.046
5393.71757 18.918 0.047
5393.76293 18.923 0.053
5393.80104 19.199 0.068
5395.80807 19.047 0.054
5396.52509 19.043 0.068
5396.59938 19.080 0.052
5396.66249 19.162 0.054
5396.76953 19.134 0.042
5396.80769 18.871 0.050
5397.61759 18.935 0.061
5397.66292 19.055 0.050
5397.70073 18.984 0.054
5402.61969 18.947 0.139
5402.67286 19.122 0.079
5403.48232 19.168 0.053
5403.51993 19.002 0.043
5403.55707 18.984 0.047
5403.59579 19.023 0.052
5403.63664 19.076 0.051
5403.67492 18.954 0.046
5403.71578 19.108 0.055
5403.75368 19.016 0.058
5403.79151 19.001 0.069
5404.49543 18.952 0.046
5404.53323 18.960 0.043
5404.57095 19.124 0.053
5404.61112 18.868 0.045
5404.65290 19.074 0.046
5404.69277 19.087 0.053
5404.73219 18.980 0.057
5404.77597 19.144 0.060
5405.63079 19.140 0.071
5405.67035 18.978 0.048
5405.70844 18.934 0.046
5405.74592 19.217 0.058
5405.78351 18.884 0.042
5407.48529 18.898 0.043
5407.52317 19.105 0.053
5407.56145 19.155 0.051
5407.60051 18.987 0.057
5407.64009 19.319 0.074
5407.67813 19.054 0.055
5407.71732 18.980 0.049
5407.75527 19.103 0.053
5408.51417 19.219 0.077
5408.56585 19.000 0.059
5408.60618 19.065 0.047
5408.64456 19.064 0.050
5408.68328 18.985 0.052
5408.72117 19.079 0.061
5408.75888 19.013 0.059
5409.46896 19.013 0.069
5409.50675 19.041 0.046
5409.59348 19.007 0.034
5409.69993 19.020 0.041
5409.76108 19.044 0.054
5410.46984 18.950 0.060
5410.51145 19.048 0.043
5410.59656 18.969 0.037
5410.70344 18.954 0.043
5410.76535 19.093 0.045
5411.48767 19.144 0.039
5411.52559 18.899 0.032
5411.63244 18.948 0.032
5411.74032 18.913 0.038
5411.77808 18.894 0.050
5412.53990 19.037 0.045
5412.57980 18.995 0.049
5412.61856 18.941 0.045
5412.65633 19.050 0.057
5412.70072 18.829 0.049
5413.48009 19.036 0.064
5413.51947 19.147 0.043
5413.62630 19.069 0.036
5413.73377 19.148 0.043
5413.77154 18.934 0.054
5414.49975 19.027 0.034
5414.56100 19.097 0.035
5414.67097 19.123 0.034
5414.75812 18.971 0.039
5416.61677 19.116 0.055
5416.67350 19.045 0.043
5418.53577 19.100 0.035
5418.58231 18.920 0.033
5418.63248 19.139 0.039
5418.68402 19.057 0.048
5421.49127 19.144 0.045
5421.53534 18.963 0.038
5421.59495 19.069 0.043
5421.64113 18.917 0.036
5421.68343 19.027 0.051
5421.72782 19.124 0.047
5422.51714 18.918 0.040
5422.56319 19.111 0.048
5422.71719 18.934 0.033
5423.50111 19.060 0.039
5423.54343 19.096 0.032
5423.67714 18.838 0.043
5425.50856 18.970 0.042
5425.55026 19.153 0.043
5426.51650 19.022 0.092
5426.59550 19.036 0.108
5426.73601 19.114 0.131
5430.50206 18.874 0.057
5430.54852 19.152 0.064
5430.58679 19.034 0.053
5430.62576 19.011 0.053
5430.66689 19.061 0.075
5431.50323 19.193 0.058
5431.54376 19.051 0.050
5431.58179 18.903 0.042
5431.62318 19.209 0.069
5431.66081 18.997 0.063
5432.52772 19.038 0.100
5432.64023 19.034 0.067
5433.66352 18.960 0.061
5434.48922 19.187 0.066
5434.53429 18.940 0.049
5434.57867 19.062 0.051
5434.62102 18.995 0.044
5434.66576 18.868 0.045
5434.70583 19.073 0.057
5435.50528 19.037 0.052
5435.54809 19.105 0.047
5435.61801 18.861 0.038
5435.67147 19.112 0.044
5435.71042 18.851 0.043
5436.50374 19.063 0.048
5436.64769 19.001 0.043
5437.48634 19.123 0.040
5437.58326 19.131 0.041
5438.49893 18.954 0.050
5438.53838 19.206 0.058
5438.63982 19.049 0.042
5438.67785 19.110 0.043
5439.49128 19.238 0.069
5439.55632 18.940 0.052
5439.59369 19.139 0.056
5439.63171 19.085 0.055
5439.67750 18.940 0.053
5443.52400 19.057 0.045
5443.57011 19.203 0.061
5443.60793 19.016 0.050
5443.65046 19.187 0.054
5444.48256 19.124 0.062
5444.53326 19.062 0.056
5444.58987 19.087 0.043
5444.63189 19.088 0.048
5444.67000 18.893 0.043
5445.53578 18.855 0.041
5445.63973 18.920 0.036
5445.67877 19.065 0.041
5446.51423 19.122 0.045
5446.56003 19.078 0.045
5446.59988 18.974 0.041
5446.63901 19.067 0.044
5447.48634 19.175 0.045
5447.52984 18.988 0.038
5447.56904 18.947 0.042
5447.63446 18.987 0.043
5448.50711 18.925 0.038
5448.54581 19.086 0.048
5448.56056 19.303 0.056
5448.66177 19.251 0.058
5449.50187 19.168 0.064
5449.61606 19.117 0.049
5450.50481 19.019 0.048
5450.54242 18.916 0.051
5450.58573 19.216 0.053
5450.63065 18.935 0.051
5451.66117 18.944 0.043
5453.54007 18.843 0.059
5453.65727 18.982 0.044
5457.47328 18.893 0.071
5457.54105 19.041 0.039
5457.58859 19.043 0.049
5458.47478 19.264 0.127
5458.52356 19.031 0.069
5458.57380 19.087 0.063
5459.49042 19.003 0.049
5459.53685 19.041 0.051
5459.58899 18.846 0.042
5460.48028 19.346 0.116
5462.52930 18.992 0.044
5462.60665 18.988 0.053
5463.50070 18.962 0.044
5463.54275 19.033 0.047
5464.49099 18.979 0.045
5464.53278 19.169 0.055
5465.48411 19.159 0.075
5466.54073 19.181 0.074
5468.53590 18.976 0.051
5469.55190 19.053 0.042
5470.59049 19.096 0.048
5471.57456 19.151 0.050
5472.53071 19.099 0.063
5473.48976 18.969 0.065
5473.58302 19.038 0.049
5477.52107 19.076 0.063
5478.54425 18.840 0.045
5480.48722 19.089 0.088
5480.55625 18.984 0.055
5481.52695 18.988 0.083
5485.49798 18.917 0.078
5486.49533 18.977 0.075
5486.55726 18.964 0.072
5487.54174 19.066 0.051
5488.52890 18.993 0.054
5489.51528 18.985 0.063
5490.51544 18.962 0.078
5492.50065 18.883 0.078
5494.52553 18.976 0.076
5495.52928 19.232 0.068
5497.52854 18.932 0.050
5499.53086 18.824 0.061
5507.50520 18.869 0.105
5596.87523 18.984 0.049
5597.88165 19.298 0.114
5598.86375 19.196 0.054
5599.87722 19.769 0.106
5600.87006 18.958 0.041
5602.86448 18.953 0.052
5604.87269 18.861 0.044
5605.87076 18.943 0.034
5606.86851 19.067 0.046
5607.87282 19.012 0.043
5608.86771 19.170 0.059
5610.89296 19.034 0.060
5612.86736 19.084 0.065
5614.85282 19.020 0.051
5615.86110 19.019 0.045
5616.85383 19.018 0.059
5617.88981 18.804 0.098
5620.84220 19.031 0.045
5621.84502 18.959 0.036
5622.87928 19.018 0.031
5624.83769 18.953 0.039
5625.81687 19.187 0.059
5626.81212 19.099 0.077
5627.84112 19.141 0.046
5628.85186 18.931 0.036
5629.82005 19.067 0.043
5630.79746 19.001 0.044
5631.82351 18.947 0.055
5632.83251 19.063 0.042
5633.78974 19.150 0.043
5634.84460 19.036 0.044
5635.85292 19.269 0.059
5637.81281 19.018 0.054
5638.79195 18.981 0.057
5639.77992 19.037 0.057
5639.85565 18.968 0.036
5640.78760 18.944 0.059
5640.82592 19.046 0.050
5640.87361 19.025 0.043
5640.91448 18.946 0.069
5641.78041 19.085 0.048
5641.82280 19.155 0.050
5641.86099 19.132 0.051
5641.90569 19.195 0.066
5642.78273 19.010 0.052
5642.84177 19.112 0.048
5642.90161 19.037 0.059
5643.75725 19.055 0.059
5643.79548 19.050 0.054
5643.85532 18.935 0.040
5643.89618 18.965 0.040
5644.76119 18.895 0.091
5644.80181 18.976 0.057
5644.87617 19.158 0.075
5647.80193 19.049 0.069
5647.84581 19.080 0.057
5647.87303 19.167 0.066
5647.88902 18.924 0.059
5647.90739 19.075 0.073
5648.74699 19.050 0.055
5648.80952 19.018 0.039
5648.85353 19.092 0.035
5648.89677 18.876 0.039
5649.75280 18.963 0.042
5649.79198 19.166 0.039
5649.85944 18.970 0.035
5649.89793 19.203 0.043
5650.74317 19.229 0.049
5650.78388 19.047 0.033
5650.84624 19.237 0.042
5650.89041 19.058 0.046
5651.76553 19.028 0.037
5651.80817 19.209 0.043
5651.87882 19.035 0.043
5652.74560 19.022 0.037
5652.80704 18.986 0.032
5652.84936 18.995 0.032
5653.77402 18.992 0.031
5653.90312 19.000 0.028
5654.77590 19.004 0.038
5654.82565 19.058 0.037
5654.86720 18.956 0.034
5654.92023 19.085 0.061
5655.76699 19.236 0.052
5655.80502 18.966 0.034
5655.84316 19.083 0.034
5655.89016 19.121 0.040
5656.78503 18.998 0.038
5656.82865 19.069 0.032
5656.87301 19.000 0.034
5657.77632 19.032 0.031
5657.81502 18.922 0.030
5657.86043 19.027 0.034
5657.90507 19.154 0.038
5658.77056 18.922 0.041
5658.81137 19.030 0.045
5658.86829 19.096 0.040
5658.90978 18.900 0.041
5659.72511 18.957 0.039
5659.76265 18.991 0.035
5659.80197 19.140 0.042
5659.84092 18.993 0.043
5659.89070 18.999 0.033
5660.72419 18.983 0.044
5660.77156 19.142 0.043
5660.81490 18.999 0.036
5660.87047 19.105 0.045
5662.72327 18.899 0.052
5662.76364 18.966 0.047
5662.82537 18.944 0.040
5662.86354 19.076 0.041
5662.90552 19.030 0.040
5663.76622 18.753 0.033
5664.76844 18.910 0.047
5664.80949 19.034 0.043
5664.86990 18.996 0.050
5664.91356 19.115 0.043
5665.73756 18.977 0.043
5665.78337 19.160 0.043
5665.84764 19.091 0.042
5665.89526 19.076 0.034
5667.71946 19.015 0.042
5667.77206 19.145 0.048
5667.82452 19.069 0.039
5667.87722 18.989 0.029
5667.92283 18.989 0.032
5668.76099 19.041 0.060
5668.82847 18.979 0.066
5668.88558 18.890 0.064
5668.92469 19.059 0.055
5669.77430 18.871 0.043
5669.81307 19.157 0.049
5669.87476 18.985 0.043
5669.91810 19.071 0.053
5670.74884 18.995 0.056
5670.80108 19.022 0.051
5670.85325 18.866 0.046
5670.89465 19.157 0.055
5671.73024 19.188 0.058
5671.77068 18.968 0.043
5675.73277 18.962 0.042
5675.77113 19.097 0.049
5675.81047 19.023 0.052
5675.86983 19.025 0.037
5675.92277 19.082 0.051
5676.69772 18.940 0.022
5676.73690 19.079 0.031
5676.77577 18.976 0.033
5676.82079 19.158 0.041
5676.87665 19.008 0.031
5676.92608 19.031 0.040
5677.73186 18.956 0.036
5677.77545 18.998 0.034
5677.82584 19.042 0.041
5677.87782 18.933 0.033
5677.91771 19.227 0.038
5679.69572 19.124 0.044
5679.73762 19.015 0.036
5679.78957 19.120 0.044
5679.84063 19.143 0.043
5679.88199 18.948 0.036
5679.92019 19.080 0.040
5680.68324 19.155 0.056
5680.72164 18.848 0.045
5680.77031 19.156 0.046
5680.82354 18.975 0.041
5680.86651 19.053 0.038
5680.90732 19.139 0.038
5681.67362 19.031 0.050
5681.71183 18.994 0.038
5681.75113 19.028 0.038
5681.80201 18.889 0.035
5681.85709 19.070 0.051
5681.89877 18.990 0.040
5682.66100 18.941 0.046
5682.70179 19.289 0.065
5682.74908 18.922 0.034
5682.79162 19.023 0.038
5682.88166 19.010 0.035
5682.92134 19.096 0.047
5683.68239 19.012 0.040
5683.73256 19.031 0.038
5683.80239 19.036 0.038
5683.86020 18.989 0.039
5683.90239 19.074 0.038
5684.65260 18.950 0.038
5684.70558 18.892 0.032
5684.76473 19.020 0.039
5684.81717 19.174 0.043
5684.87658 19.009 0.039
5684.91681 18.984 0.039
5685.74328 18.929 0.032
5685.79185 19.069 0.033
5685.84406 18.937 0.029
5685.88765 19.143 0.036
5685.92869 19.111 0.048
5686.69253 18.919 0.039
5686.74127 19.058 0.039
5686.79863 18.914 0.031
5686.84596 19.166 0.052
5686.88790 18.962 0.048
5686.92765 19.075 0.047
5687.68435 18.959 0.047
5687.72767 19.057 0.043
5687.77846 18.952 0.037
5687.83133 19.061 0.036
5688.84455 18.995 0.034
5688.91258 18.994 0.061
5689.67548 18.920 0.034
5689.74007 19.227 0.044
5689.78852 18.935 0.029
5690.62707 18.726 0.030
5690.66618 19.058 0.043
5690.71715 19.082 0.039
5690.77950 18.957 0.041
5690.81934 19.082 0.045
5690.88225 19.132 0.057
5691.62350 19.045 0.062
5691.68831 18.936 0.039
5691.74634 19.055 0.042
5691.79057 19.020 0.046
5691.83994 19.050 0.042
5691.87869 19.201 0.051
5692.63179 19.182 0.087
5692.68335 18.975 0.041
5692.74265 19.047 0.042
5692.78041 18.912 0.039
5692.82092 19.124 0.050
5692.85898 19.061 0.043
5692.89736 18.929 0.041
5692.93715 19.407 0.096
5692.93900 19.301 0.090
5693.64780 18.902 0.045
5693.70727 18.963 0.036
5693.76644 19.055 0.033
5693.80428 19.122 0.037
5693.84298 18.917 0.035
5693.88087 19.112 0.047
5693.92273 19.061 0.050
5694.62541 19.098 0.054
5694.65985 19.011 0.044
5694.71260 19.033 0.045
5694.76701 19.043 0.043
5694.81310 18.914 0.033
5694.85103 19.167 0.041
5694.88860 19.049 0.047
5694.92605 18.984 0.048
5695.62970 19.055 0.064
5695.68239 19.032 0.059
5695.76480 18.941 0.040
5695.81395 19.217 0.044
5695.85290 18.951 0.030
5695.89064 19.034 0.035
5695.92825 19.179 0.046
5696.61868 18.891 0.052
5696.65983 19.168 0.061
5696.71663 18.890 0.040
5696.75597 19.116 0.046
5696.79780 18.974 0.039
5696.84080 18.936 0.039
5696.88269 19.083 0.048
5696.93870 19.107 0.081
5697.62797 19.177 0.060
5697.67537 18.963 0.047
5697.72297 19.111 0.053
5697.76189 18.942 0.043
5697.80530 18.997 0.044
5697.84293 19.213 0.049
5697.88757 18.861 0.041
5697.92831 19.026 0.048
5698.62064 19.022 0.073
5698.66843 19.073 0.070
5698.70884 19.150 0.078
5698.74874 19.067 0.068
5698.78879 19.159 0.073
5698.82992 18.990 0.051
5698.86779 19.083 0.060
5698.90935 18.999 0.074
5702.62816 18.861 0.121
5702.66225 18.953 0.115
5702.69872 18.740 0.109
5702.75072 19.024 0.098
5702.78142 18.889 0.095
5702.91486 18.909 0.096
5703.74436 18.914 0.054
5703.81528 19.141 0.084
5703.86493 18.819 0.061
5705.73722 19.125 0.057
5705.78006 18.883 0.043
5705.83153 19.280 0.063
5705.88530 19.000 0.066
5705.93443 18.990 0.066
5706.71345 19.017 0.050
5706.76912 19.092 0.051
5706.84134 19.024 0.057
5707.57676 19.037 0.052
5707.61422 19.099 0.053
5707.66127 19.119 0.047
5707.70902 18.945 0.041
5707.74752 19.102 0.044
5707.78828 18.929 0.035
5707.82802 19.054 0.043
5707.86779 19.119 0.050
5707.90814 19.049 0.059
5708.57343 18.892 0.051
5708.62309 19.151 0.071
5708.67922 19.190 0.053
5708.72848 19.050 0.040
5708.76947 18.941 0.043
5708.81815 19.063 0.051
5708.86346 18.827 0.049
5708.92206 19.015 0.074
5709.59753 19.093 0.044
5709.65262 19.261 0.044
5709.83600 18.816 0.034
5712.57106 18.941 0.072
5712.63389 19.028 0.044
5712.64641 19.102 0.051
5712.70745 18.972 0.036
5712.74826 19.127 0.040
5712.78997 18.947 0.035
5712.82903 18.910 0.034
5712.87645 19.030 0.045
5713.75680 18.918 0.034
5713.79293 19.123 0.042
5713.80540 19.088 0.038
5713.84378 19.055 0.042
5714.57976 19.183 0.065
5714.65364 19.200 0.047
5714.66660 19.125 0.037
5714.86817 19.294 0.080
5715.65422 18.963 0.034
5715.69887 18.993 0.032
5715.74387 19.078 0.035
5715.79047 18.856 0.031
5715.83303 19.178 0.048
5715.88820 18.938 0.043
5716.57748 19.298 0.065
5716.66363 19.071 0.041
5716.67638 19.052 0.047
5716.72911 18.937 0.034
5716.77256 19.058 0.043
5716.81242 19.176 0.045
5716.85198 18.922 0.050
5716.89139 19.077 0.051
5721.59403 19.202 0.056
5721.60651 19.050 0.051
5721.61894 18.795 0.037
5721.67129 19.095 0.046
5721.68386 19.105 0.046
5721.69638 19.073 0.043
5721.76422 18.911 0.031
5721.80377 18.946 0.034
5721.84488 18.962 0.046
5721.89478 19.135 0.060
5722.58925 19.036 0.041
5722.64367 19.113 0.042
5722.69829 18.988 0.038
5722.76376 19.282 0.049
5722.80351 18.942 0.040
5723.54475 18.918 0.061
5723.58421 18.979 0.043
5723.63234 19.114 0.045
5723.68231 19.047 0.043
5723.72233 19.107 0.040
5723.76188 18.914 0.034
5723.80047 19.013 0.035
5723.84010 19.213 0.046
5724.54006 19.028 0.078
5724.58314 19.166 0.069
5724.59738 19.092 0.059
5724.60996 19.087 0.059
5724.66065 18.980 0.048
5724.72204 19.066 0.047
5724.77187 19.154 0.049
5724.81292 18.962 0.043
5725.56291 19.033 0.052
5725.63031 19.233 0.049
5725.69694 19.035 0.037
5725.73753 19.170 0.045
5725.77641 19.149 0.048
5726.53945 18.944 0.078
5726.57727 19.072 0.068
5726.62434 19.068 0.060
5726.67167 18.869 0.048
5726.71114 19.000 0.042
5726.75168 18.952 0.047
5726.79714 19.024 0.060
5734.59742 19.347 0.079
5734.67649 19.182 0.054
5734.72189 19.159 0.057
5734.76755 19.113 0.062
5734.81092 19.158 0.066
5734.86123 18.958 0.072
5735.64930 19.161 0.052
5735.69454 19.023 0.050
5735.75686 19.206 0.049
5735.80576 18.858 0.036
5735.85254 19.037 0.054
5736.50981 19.426 0.098
5736.55281 19.068 0.047
5736.59077 19.097 0.037
5736.63509 19.083 0.031
5736.67511 18.996 0.029
5736.74719 18.956 0.032
5736.80281 19.031 0.038
5736.84990 19.053 0.039
5736.89666 18.849 0.044
5737.53601 18.912 0.039
5737.57600 19.139 0.038
5737.63027 18.914 0.028
5737.67103 19.239 0.034
5737.72556 18.961 0.029
5737.76496 19.000 0.033
5737.80566 19.063 0.037
5737.85125 19.056 0.040
5737.89311 19.230 0.055
5738.60426 18.908 0.036
5738.65740 19.088 0.034
5738.71183 18.992 0.034
5738.75137 19.167 0.039
5739.54245 18.961 0.048
5739.58067 19.154 0.050
5739.62126 19.094 0.041
5739.68843 19.066 0.037
5739.72792 19.026 0.038
5739.76688 19.097 0.042
5739.80934 19.311 0.060
5739.86272 18.871 0.048
5740.51662 19.070 0.054
5740.56129 19.104 0.063
5740.62300 18.962 0.063
5740.66491 19.209 0.055
5740.72561 18.958 0.044
5740.76542 19.175 0.043
5740.81005 18.858 0.040
5740.84829 19.002 0.051
5741.49701 19.145 0.065
5741.53525 19.096 0.047
5741.58054 18.898 0.035
5741.61834 19.335 0.054
5741.65639 18.965 0.037
5741.71759 19.137 0.040
5741.75914 19.027 0.034
5741.79757 18.843 0.030
5741.83559 19.143 0.043
5741.87375 18.972 0.035
5742.50743 19.073 0.049
5742.55039 19.023 0.047
5742.59150 19.006 0.042
5742.64007 18.953 0.034
5742.69186 19.169 0.038
5742.73084 18.959 0.031
5742.76886 19.066 0.033
5742.80717 19.123 0.036
5742.84738 19.025 0.036
5743.60264 18.925 0.050
5743.64114 19.205 0.054
5743.68206 18.978 0.040
5743.74184 19.113 0.048
5743.78005 18.887 0.045
5743.81808 19.001 0.044
5743.85580 19.321 0.078
5744.49968 19.407 0.105
5744.53775 18.993 0.051
5744.57623 18.994 0.052
5744.61438 19.065 0.052
5744.67526 18.919 0.035
5744.74866 19.037 0.036
5744.79475 18.981 0.037
5744.83958 19.109 0.056
5745.52727 19.067 0.063
5745.57401 19.310 0.060
5745.61424 18.904 0.044
5745.66371 19.123 0.037
5745.71334 18.946 0.036
5745.75132 19.007 0.039
5745.78941 19.154 0.057
5746.54137 19.226 0.059
5746.59557 18.993 0.040
5746.63346 19.272 0.060
5746.70213 19.011 0.040
5746.73989 19.099 0.043
5746.77750 18.928 0.045
5746.81992 19.050 0.055
5747.58732 19.090 0.079
5747.63067 18.786 0.037
5747.67701 19.126 0.060
5747.72001 19.045 0.057
5747.76409 18.921 0.051
5748.60632 18.864 0.043
5748.65647 19.251 0.050
5749.50179 19.284 0.079
5749.53962 19.020 0.044
5749.57747 18.946 0.042
5749.61699 19.075 0.041
5749.66707 18.972 0.044
5749.70620 19.317 0.066
5749.74441 19.067 0.052
5749.78293 19.052 0.054
5752.54609 18.979 0.063
5752.58395 19.221 0.076
5752.63730 18.901 0.044
5752.69053 19.138 0.051
5752.73503 18.955 0.037
5752.77491 18.940 0.054
5759.80870 19.140 0.089
5760.46670 19.320 0.105
5760.50463 19.036 0.067
5760.56098 19.061 0.054
5760.66001 19.064 0.046
5760.70131 19.230 0.059
5760.75014 18.940 0.046
5760.78812 19.093 0.049
5760.82575 19.067 0.066
5762.48531 19.088 0.052
5762.52593 19.076 0.052
5762.56410 18.921 0.043
5762.60595 19.155 0.047
5762.64491 18.965 0.046
5762.72047 18.911 0.047
5763.47624 19.167 0.060
5763.51887 18.977 0.035
5763.56056 19.068 0.032
5763.61463 19.016 0.045
5763.66276 19.046 0.038
5763.70316 18.945 0.045
5763.74811 19.007 0.045
5763.78611 19.116 0.062
5764.48068 18.879 0.039
5764.52473 19.232 0.047
5764.56446 19.008 0.040
5764.60752 19.016 0.032
5764.65480 18.996 0.031
5764.70292 19.003 0.035
5764.74903 19.191 0.046
5765.48330 19.156 0.050
5765.52612 19.033 0.046
5765.57806 19.214 0.044
5765.63374 18.942 0.034
5765.67718 19.015 0.043
5765.72214 19.042 0.044
5765.76539 18.880 0.049
5766.49572 18.919 0.042
5766.53529 19.062 0.040
5766.59954 18.910 0.028
5766.63899 19.043 0.034
5766.67978 18.983 0.032
5766.72444 18.933 0.043
5767.47285 18.958 0.061
5767.51667 19.174 0.052
5767.55980 18.929 0.041
5767.60392 19.294 0.057
5767.67170 18.874 0.036
5767.72551 19.204 0.054
5767.76759 18.873 0.047
5768.47206 19.065 0.049
5768.51239 18.894 0.038
5768.57274 19.138 0.040
5768.61554 18.994 0.038
5768.66220 19.008 0.033
5768.71236 18.907 0.030
5768.75265 18.968 0.043
5768.79133 19.158 0.047
5769.49753 18.966 0.043
5769.53871 19.152 0.039
5769.59382 19.001 0.036
5769.66115 19.184 0.036
5769.71065 18.955 0.035
5769.75302 19.169 0.044
5770.65356 19.020 0.051
5770.73827 19.023 0.041
5775.55273 18.927 0.050
5775.61954 19.244 0.062
5775.69676 19.199 0.048
5776.57478 19.272 0.062
5776.62279 19.001 0.045
5776.68862 19.119 0.049
5776.73800 18.974 0.058
5777.49420 18.971 0.039
5777.54432 19.094 0.035
5777.59080 19.040 0.046
5777.67101 18.989 0.033
5777.72159 19.167 0.042
5778.47765 19.315 0.090
5778.52922 19.078 0.060
5778.57567 19.303 0.069
5778.62383 18.930 0.050
5779.61324 19.022 0.035
5779.65953 19.230 0.048
5779.71206 19.070 0.045
5784.51126 18.928 0.067
5784.59747 18.975 0.047
5784.70574 18.702 0.085
5785.47565 18.993 0.069
5785.53962 19.105 0.077
5785.59207 19.110 0.061
5785.64125 18.886 0.060
5785.68222 18.987 0.057
5785.72402 19.147 0.082
5786.52298 18.949 0.067
5786.58523 19.185 0.059
5786.62937 18.985 0.047
5786.67198 19.335 0.076
5786.72893 19.026 0.068
5787.49109 19.100 0.055
5787.56237 19.113 0.046
5787.60651 18.985 0.041
5787.64917 19.059 0.046
5787.69047 18.889 0.043
5787.73757 19.277 0.083
5788.50593 19.033 0.047
5788.57023 19.013 0.049
5788.60889 19.365 0.069
5788.65066 19.081 0.052
5788.69157 19.179 0.084
5788.73309 18.884 0.069
5790.48750 19.042 0.046
5790.53732 19.093 0.047
5790.58930 18.994 0.056
5790.62849 19.294 0.070
5790.66944 18.895 0.042
5790.70971 19.183 0.060
5791.47588 19.049 0.068
5791.52598 19.006 0.054
5793.47605 19.071 0.060
5793.54080 18.986 0.042
5793.58337 19.009 0.043
5793.62420 19.162 0.049
5793.66288 18.938 0.037
5793.70427 19.114 0.049
5794.47807 18.988 0.055
5794.53788 19.071 0.044
5794.59039 19.087 0.045
5794.62906 18.952 0.042
5794.67664 19.127 0.049
5795.52877 19.092 0.063
5795.58587 19.034 0.059
5795.64220 19.216 0.054
5795.72390 19.188 0.060
5796.50208 19.105 0.047
5796.56750 18.975 0.048
5796.61086 19.108 0.046
5796.65091 18.988 0.046
5796.69399 19.195 0.062
5798.67532 19.037 0.065
5801.48139 19.163 0.050
5801.54605 18.893 0.040
5801.58499 19.222 0.053
5801.62312 19.149 0.068
5801.66448 19.052 0.050
5802.52205 19.005 0.053
5802.57890 18.961 0.048
5803.50972 19.176 0.054
5803.59100 18.931 0.053
5804.52873 18.886 0.038
5804.56698 19.115 0.042
5804.60735 18.984 0.043
5804.64526 18.828 0.043
5804.68923 19.109 0.057
5805.50552 18.941 0.033
5805.55801 19.064 0.033
5805.59586 19.032 0.036
5805.64219 19.289 0.064
5806.49857 19.055 0.057
5806.55514 18.889 0.052
5807.55183 19.217 0.070
5807.59339 19.183 0.066
5807.63571 19.029 0.061
5812.49862 18.891 0.067
5812.53891 18.935 0.070
5812.57815 19.081 0.067
5812.61809 18.974 0.064
5812.65778 18.982 0.125
5813.51994 19.063 0.050
5813.56198 19.030 0.047
5813.60020 18.986 0.043
5813.63796 19.133 0.050
5815.47856 18.877 0.054
5815.53151 19.149 0.044
5815.56997 19.040 0.039
5815.61717 18.902 0.035
5815.65345 19.085 0.043
5816.50286 19.186 0.046
5816.55036 18.994 0.049
5816.58869 18.964 0.047
5816.62671 19.200 0.090
5817.50402 19.005 0.042
5817.55136 18.966 0.048
5817.59054 19.063 0.056
5817.62838 19.054 0.062
5818.48326 19.163 0.061
5818.53278 19.123 0.057
5818.57078 18.991 0.053
5818.61110 18.897 0.062
5819.48331 19.182 0.062
5819.54148 18.851 0.043
5819.57908 19.086 0.050
5819.61837 18.932 0.041
5819.65530 18.763 0.049
5820.51017 18.909 0.054
5820.55714 19.011 0.045
5820.59498 19.089 0.052
5820.63277 18.955 0.063
5822.52378 18.931 0.051
5822.56873 19.178 0.057
5822.61222 19.132 0.049
5823.50035 19.096 0.069
5823.54366 19.120 0.063
5823.58719 18.901 0.043
5823.62766 18.987 0.062
5824.52600 19.050 0.043
5824.56524 18.965 0.039
5824.60646 19.303 0.065
5825.48598 19.116 0.070
5825.53556 19.010 0.048
5825.58191 19.019 0.046
5825.62425 18.912 0.047
5826.50505 19.154 0.060
5826.55373 19.024 0.052
5826.59322 18.948 0.059
5827.49345 19.152 0.079
5827.53113 19.004 0.062
5827.57397 19.153 0.066
5827.61154 19.078 0.059
5828.50460 18.960 0.039
5828.54450 19.035 0.043
5828.58214 18.956 0.044
5828.61686 19.003 0.047
5829.51735 19.270 0.057
5829.55527 18.923 0.039
5829.59355 19.041 0.043
5830.48122 18.930 0.042
5830.53052 18.920 0.033
5830.56818 19.028 0.047
5830.60643 19.045 0.050
5831.52928 19.092 0.044
5831.56683 18.964 0.041
5831.60258 19.019 0.053
5832.51269 19.046 0.040
5832.55226 18.931 0.045
5832.59189 19.110 0.066
5833.51036 18.903 0.039
5833.55024 19.217 0.046
5833.58807 18.839 0.046
5834.50984 19.119 0.042
5834.54751 18.974 0.037
5834.58688 18.990 0.043
5835.53097 18.813 0.054
5836.48452 18.709 0.074
5836.52807 19.034 0.077
5839.48425 18.947 0.071
5839.52416 19.068 0.068
5839.56310 18.934 0.061
5839.59348 19.043 0.113
5840.51235 19.020 0.057
5840.56479 19.089 0.054
5840.60693 18.949 0.056
5841.51024 19.000 0.069
5841.54982 19.282 0.076
5841.59286 19.084 0.074
5842.55637 18.979 0.063
5842.59682 18.861 0.075
5843.51383 18.933 0.056
5843.55466 19.063 0.066
5843.59515 18.995 0.080
5844.49815 18.959 0.053
5844.53760 19.144 0.069
5844.57839 18.956 0.071
5845.49849 19.150 0.074
5845.53830 18.799 0.047
5845.57865 19.314 0.127
5846.50235 18.809 0.068
5846.54034 18.983 0.085
5846.57918 19.216 0.118
5850.51306 18.988 0.044
5850.55167 18.912 0.050
5851.50198 18.927 0.043
5851.54032 18.984 0.046
5852.48985 19.108 0.101
5852.52980 19.037 0.085
5854.49335 18.917 0.079
5854.53655 19.348 0.078
5856.52237 19.126 0.075
5858.49477 19.094 0.095
5859.49353 18.689 0.070
5859.53095 19.093 0.064
5860.50703 19.037 0.062
5861.49539 19.189 0.107
5862.51508 18.955 0.055
5866.50758 18.970 0.088
5866.52307 18.733 0.070
5867.51076 18.933 0.052
5868.51210 19.228 0.092
5870.50767 19.034 0.057
5871.49642 19.016 0.115
5871.50864 18.982 0.066
5872.49625 18.867 0.109
5873.49744 19.107 0.121
5960.87838 18.900 0.044
5961.87355 18.912 0.049
5962.87821 19.149 0.057
5963.87886 18.930 0.051
5964.87393 18.966 0.059
5965.88130 19.130 0.054
5967.88636 19.323 0.084
5968.87934 19.063 0.057
5969.88578 18.963 0.064
5971.86013 19.032 0.048
5972.87575 19.125 0.057
5976.86561 19.015 0.044
5977.82369 18.949 0.048
5977.86451 18.933 0.043
5978.83656 18.921 0.043
5978.87495 19.265 0.049
5979.82735 18.897 0.053
5979.86679 18.833 0.042
5980.84833 18.740 0.050
5982.81410 19.087 0.044
5982.85275 18.876 0.033
5982.90000 19.228 0.065
5983.84452 19.050 0.043
5983.89207 19.038 0.030
5984.82986 19.134 0.048
5984.86480 18.907 0.029
5985.81385 18.938 0.047
5985.84880 18.866 0.042
5985.89249 19.437 0.063
5986.82707 18.914 0.042
5986.86543 19.087 0.039
5987.81330 19.109 0.055
5987.84189 18.926 0.037
5987.89130 18.985 0.036
5988.81797 18.838 0.043
5988.85892 19.155 0.051
5988.90565 19.144 0.081
5989.82842 19.203 0.055
5989.87016 19.043 0.044
5990.79926 19.159 0.053
5990.83296 19.094 0.042
5990.87437 18.970 0.041
5991.80663 18.833 0.049
5991.84947 19.201 0.044
5991.90103 18.929 0.035
5992.82456 19.158 0.051
5992.86664 18.884 0.032
5993.78929 18.871 0.067
5993.83209 19.049 0.066
5993.87195 19.002 0.045
5994.80095 19.133 0.059
5994.82633 18.951 0.045
5994.87704 18.961 0.044
5995.78764 19.138 0.053
5995.80896 19.116 0.047
5995.84214 18.868 0.037
5995.89128 19.032 0.040
5996.79574 19.072 0.051
5996.83332 18.953 0.039
5996.88008 19.039 0.033
5997.79120 19.060 0.057
5997.82718 19.142 0.049
5997.87554 18.993 0.040
5997.91327 18.906 0.061
5998.80303 19.040 0.050
5998.85201 18.992 0.039
5998.89331 19.197 0.044
5999.78743 19.054 0.051
5999.83644 19.174 0.047
5999.87437 19.037 0.037
5999.91237 18.908 0.041
6002.80458 18.973 0.080
6002.83742 19.281 0.090
6002.87814 18.892 0.059
6003.85284 18.938 0.053
6003.89954 19.221 0.059
6004.78467 18.928 0.043
6004.83259 19.167 0.044
6004.88105 19.132 0.042
6004.91899 19.073 0.083
6005.78719 19.053 0.039
6005.83008 19.074 0.046
6005.89411 18.978 0.026
6006.76094 19.136 0.043
6006.80399 19.039 0.033
6006.86362 19.112 0.036
6006.90197 19.025 0.032
6007.76548 19.096 0.043
6007.81287 18.985 0.034
6007.86090 19.055 0.034
6007.89889 18.963 0.033
6008.75754 19.050 0.045
6008.79641 19.212 0.046
6008.85303 18.947 0.042
6008.89222 19.103 0.040
6009.75194 19.222 0.051
6009.78480 18.926 0.033
6009.84233 19.057 0.037
6009.88012 19.046 0.035
6009.91799 18.918 0.051
6010.76326 18.871 0.041
6010.81234 19.202 0.040
6010.86231 19.012 0.028
6010.89990 18.998 0.029
6011.74675 19.032 0.048
6011.79246 19.160 0.043
6011.86784 19.047 0.052
6011.90612 19.117 0.058
6012.75098 19.219 0.048
6012.79430 18.976 0.035
6012.84366 19.104 0.034
6012.89073 18.966 0.026
6013.74779 18.907 0.038
6013.74997 18.908 0.041
6013.78774 19.342 0.045
6013.82882 19.032 0.033
6013.88988 19.029 0.032
6014.72512 19.111 0.051
6014.76470 19.231 0.041
6014.80293 19.037 0.034
6014.86309 19.119 0.038
6014.90222 18.989 0.035
6015.74173 19.129 0.039
6015.78116 19.020 0.031
6015.81988 19.074 0.031
6015.86903 18.964 0.026
6015.91099 19.082 0.034
6016.75306 19.042 0.036
6016.79286 19.101 0.036
6016.83297 18.884 0.028
6016.89631 19.021 0.030
6017.72819 19.068 0.043
6017.76651 19.004 0.029
6017.80466 18.953 0.026
6017.84410 19.170 0.031
6017.90177 18.949 0.024
6018.79345 19.142 0.043
6018.83329 19.030 0.035
6018.87509 18.974 0.028
6019.73009 19.097 0.051
6019.76862 19.061 0.039
6019.82724 18.950 0.047
6019.86514 19.049 0.031
6019.90363 18.975 0.029
6020.71376 18.925 0.044
6020.75257 19.069 0.042
6020.80862 19.011 0.032
6020.84686 19.132 0.030
6020.88607 18.893 0.030
6020.92697 19.023 0.076
6021.73521 19.030 0.046
6021.77426 19.131 0.044
6021.81237 19.032 0.038
6021.85170 18.900 0.029
6021.90979 19.192 0.039
6022.72284 18.931 0.046
6022.76097 19.112 0.042
6022.79928 18.877 0.034
6022.85665 19.095 0.041
6022.89656 18.986 0.032
6023.71586 19.073 0.055
6023.75598 19.000 0.040
6023.79648 19.167 0.043
6023.83757 19.050 0.041
6023.89993 18.927 0.042
6024.71051 19.046 0.062
6024.75080 18.990 0.046
6024.78985 19.037 0.054
6024.85230 19.059 0.039
6024.90213 19.127 0.047
6025.69862 19.069 0.081
6025.74023 19.037 0.063
6025.77820 19.079 0.050
6025.82026 19.114 0.060
6025.88224 18.873 0.044
6031.77899 18.936 0.040
6031.81839 18.984 0.038
6031.85963 18.862 0.037
6031.91085 19.069 0.069
6032.69504 18.972 0.050
6032.73535 18.972 0.036
6032.78336 19.175 0.040
6032.83160 19.027 0.037
6032.87482 18.999 0.032
6032.91564 18.968 0.033
6033.70795 19.150 0.051
6033.75636 19.034 0.049
6033.81287 19.093 0.042
6033.86699 19.046 0.037
6033.90886 19.042 0.046
6034.70433 19.080 0.038
6034.75275 19.001 0.036
6034.79663 19.068 0.028
6034.85934 19.052 0.037
6034.89729 19.264 0.044
6035.83851 18.918 0.035
6035.89607 18.880 0.035
6036.69985 18.973 0.039
6036.74219 18.952 0.034
6036.79410 19.057 0.033
6036.81917 19.162 0.030
6036.86386 18.913 0.026
6036.91903 19.155 0.040
6037.72675 19.053 0.045
6037.76810 19.130 0.045
6037.82171 18.831 0.034
6037.88244 19.067 0.041
6037.92202 19.046 0.057
6038.73700 19.187 0.051
6038.77720 19.020 0.041
6038.82151 19.040 0.036
6038.84429 19.184 0.041
6038.86329 18.873 0.031
6038.87117 19.040 0.036
6038.88764 18.999 0.037
6038.90683 19.006 0.043
6038.93113 19.167 0.076
6039.75798 18.961 0.048
6039.80463 19.015 0.043
6039.86624 18.981 0.040
6039.90939 19.033 0.043
6040.73712 18.987 0.047
6040.77806 19.048 0.043
6040.81819 18.929 0.036
6040.88287 18.980 0.039
6040.92135 18.984 0.039
6041.72484 19.019 0.048
6041.77008 18.999 0.039
6041.82186 19.141 0.044
6041.87463 18.957 0.036
6041.91483 19.111 0.043
6045.90891 18.933 0.036
6046.87926 18.853 0.032
6046.91993 19.052 0.039
6047.69443 19.091 0.046
6047.73207 18.984 0.033
6047.77241 19.098 0.034
6047.82272 18.890 0.028
6047.88552 19.216 0.050
6047.92615 18.888 0.036
6048.71068 19.003 0.040
6048.76282 19.237 0.042
6048.81199 19.136 0.041
6048.85515 19.076 0.034
6048.90115 18.983 0.035
6049.67944 18.975 0.040
6049.73237 18.966 0.032
6049.78288 19.066 0.030
6049.83115 19.009 0.027
6049.87392 18.908 0.031
6049.91300 19.163 0.039
6050.66929 18.953 0.050
6050.70759 18.942 0.042
6050.76791 19.065 0.042
6050.81769 18.871 0.032
6050.85728 19.148 0.043
6050.89621 19.153 0.043
6050.93488 18.867 0.065
6051.72778 19.193 0.046
6052.65385 18.886 0.054
6052.69203 19.099 0.052
6052.74963 18.939 0.043
6052.78845 19.224 0.046
6052.82900 18.946 0.042
6052.86827 18.989 0.039
6052.90714 19.131 0.048
6053.64944 18.924 0.071
6053.68554 18.794 0.044
6053.72346 19.082 0.048
6053.78032 18.973 0.037
6053.83321 19.079 0.044
6053.87593 19.152 0.068
6053.91575 18.899 0.084
6054.87758 18.915 0.045
6054.90900 19.207 0.089
6057.67568 18.926 0.095
6057.73767 18.833 0.091
6057.77095 18.946 0.077
6057.80863 19.176 0.078
6057.83599 19.022 0.067
6057.86889 19.009 0.058
6057.90032 19.132 0.079
6057.91532 18.921 0.068
6057.93359 19.157 0.072
6058.69148 18.997 0.045
6058.73176 19.078 0.065
6058.76944 19.100 0.037
6058.81897 18.959 0.045
6058.86220 19.019 0.044
6058.90187 18.905 0.036
6059.66787 18.917 0.038
6059.70838 19.038 0.042
6059.74636 18.951 0.041
6059.78522 18.895 0.031
6059.84524 19.019 0.033
6059.88426 18.927 0.040
6059.92314 19.092 0.041
6060.79247 19.112 0.041
6061.68496 18.962 0.045
6061.72331 19.031 0.042
6061.78288 18.955 0.033
6061.82466 19.023 0.037
6061.86277 19.092 0.043
6061.90106 18.888 0.043
6061.93984 19.229 0.074
6062.68267 19.051 0.046
6062.72191 19.155 0.055
6062.76077 19.016 0.043
6062.82215 19.106 0.045
6062.86170 18.855 0.041
6062.89971 19.186 0.051
6062.93758 19.078 0.059
6063.79133 19.134 0.067
6063.83054 18.907 0.050
6063.87928 19.163 0.049
6063.92690 18.886 0.042
6064.71484 19.231 0.038
6064.75335 18.939 0.026
6064.81776 19.055 0.034
6064.85745 18.946 0.038
6064.89917 19.118 0.046
6064.93765 19.139 0.061
6065.64807 18.954 0.041
6065.68656 19.201 0.040
6065.73449 18.991 0.032
6065.78638 19.187 0.043
6065.82702 18.851 0.033
6066.61083 18.967 0.043
6066.65039 19.121 0.044
6066.68847 18.846 0.028
6066.72655 18.958 0.038
6066.79154 18.910 0.034
6066.83121 19.086 0.037
6066.87357 19.097 0.036
6066.91186 18.907 0.032
6067.59552 19.050 0.048
6067.63470 19.041 0.037
6067.67549 19.004 0.038
6067.71384 19.110 0.036
6067.76281 18.928 0.030
6067.81427 19.170 0.038
6067.85354 18.900 0.028
6067.89139 18.995 0.042
6067.92923 19.149 0.045
6068.63092 18.963 0.038
6068.68154 19.122 0.040
6068.72844 18.946 0.031
6068.79649 19.106 0.038
6068.85485 18.959 0.030
6068.89957 19.131 0.036
6069.61904 19.305 0.053
6069.67761 18.948 0.034
6069.71933 19.006 0.036
6069.77089 18.990 0.031
6069.82602 19.200 0.036
6069.86854 19.011 0.031
6069.90673 18.935 0.029
6070.58847 19.012 0.050
6070.62702 18.888 0.051
6070.66515 19.103 0.044
6070.70499 19.086 0.037
6070.74295 18.913 0.030
6070.80350 19.092 0.038
6070.84172 18.839 0.034
6070.88197 19.020 0.034
6070.92139 19.064 0.048
6071.58720 18.824 0.040
6071.62706 19.072 0.038
6071.66796 19.102 0.037
6071.70569 18.944 0.028
6071.75352 19.184 0.040
6071.80808 18.985 0.037
6071.84759 19.025 0.039
6071.88576 18.985 0.036
6071.92355 19.136 0.072
6075.62076 19.051 0.033
6075.65919 18.997 0.038
6075.70061 19.197 0.041
6075.75382 18.882 0.027
6075.80315 19.157 0.033
6075.84235 18.970 0.031
6076.57402 18.963 0.043
6076.61218 19.129 0.046
6076.65384 19.240 0.051
6076.70048 18.929 0.029
6076.75756 19.058 0.034
6076.79706 19.041 0.036
6076.83542 18.922 0.042
6076.88479 19.195 0.049
6076.93036 18.888 0.047
6077.71124 19.133 0.043
6077.77380 18.980 0.037
6077.83142 19.078 0.038
6077.87163 19.033 0.042
6077.91304 19.035 0.040
6078.59573 19.093 0.046
6078.63333 18.976 0.045
6078.67185 19.080 0.044
6078.72156 18.967 0.036
6078.77432 19.129 0.039
6078.81430 19.005 0.031
6078.85760 18.924 0.033
6078.89649 19.161 0.043
6079.56099 19.045 0.052
6079.60025 18.984 0.041
6079.63798 19.233 0.044
6079.67893 18.997 0.038
6079.73869 19.095 0.042
6079.79019 18.990 0.036
6079.84137 19.205 0.045
6079.87941 19.112 0.033
6079.91920 18.930 0.038
6080.57045 19.035 0.054
6080.60841 19.226 0.062
6080.64669 18.881 0.041
6080.69336 19.157 0.043
6080.73511 18.895 0.037
6080.77584 19.160 0.054
6080.82406 19.094 0.041
6080.87179 18.975 0.042
6080.91651 19.168 0.039
6081.56607 19.037 0.074
6081.60402 19.009 0.054
6081.64343 19.047 0.060
6081.68286 19.120 0.050
6081.72837 18.982 0.043
6081.77738 19.125 0.048
6081.82578 18.867 0.037
6081.86596 19.015 0.045
6081.91408 18.770 0.050
6082.59610 19.315 0.105
6082.63483 19.089 0.089
6082.67447 18.974 0.086
6082.72461 19.243 0.097
6082.80194 19.069 0.081
6082.84000 19.320 0.094
6082.87699 18.950 0.083
6085.56050 19.135 0.072
6085.59952 18.869 0.053
6085.64914 18.975 0.043
6085.68396 19.011 0.046
6085.73354 18.983 0.044
6085.77297 18.934 0.048
6085.81137 19.137 0.057
6085.85015 18.871 0.049
6085.88975 18.805 0.058
6085.93072 19.017 0.079
6086.58483 18.983 0.043
6086.62316 18.938 0.040
6086.66613 19.171 0.041
6086.71502 18.957 0.030
6086.76854 19.049 0.041
6086.80844 18.975 0.041
6086.85697 19.011 0.047
6086.89838 19.089 0.062
6087.74567 19.053 0.044
6087.80687 19.008 0.044
6087.84656 19.216 0.061
6088.57435 19.133 0.041
6088.61204 19.003 0.032
6088.65049 18.886 0.030
6088.68861 19.171 0.037
6089.65481 19.137 0.043
6089.69308 18.951 0.035
6089.76422 19.091 0.041
6089.80469 18.908 0.039
6089.87107 19.271 0.053
6092.57268 18.861 0.039
6092.61074 19.008 0.037
6092.65087 19.217 0.053
6092.76832 19.143 0.038
6092.84401 19.105 0.039
6092.89558 18.903 0.050
6093.56313 19.032 0.043
6093.60495 19.121 0.042
6093.64282 18.998 0.043
6093.69077 19.206 0.043
6093.76569 18.940 0.036
6093.80339 19.104 0.052
6093.84320 19.052 0.051
6094.55448 19.183 0.069
6094.61659 19.025 0.050
6094.65420 19.125 0.046
6094.69197 19.023 0.044
6094.75117 19.140 0.044
6094.78878 19.045 0.045
6094.82878 18.920 0.043
6094.87510 19.183 0.068
6096.57472 19.171 0.052
6096.61604 19.019 0.041
6096.66119 19.101 0.043
6096.72298 18.950 0.042
6096.73579 18.900 0.042
6096.77507 18.949 0.041
6096.81434 19.033 0.051
6096.85520 18.925 0.051
6096.89609 19.475 0.099
6097.70983 18.996 0.043
6097.76287 19.205 0.059
6097.80069 18.995 0.040
6097.83824 19.036 0.055
6097.87867 19.037 0.058
6098.54889 18.861 0.047
6098.59768 19.010 0.051
6098.63520 18.941 0.045
6098.67363 18.887 0.038
6098.73665 19.120 0.046
6098.77484 18.958 0.036
6098.81591 19.217 0.057
6098.85398 18.976 0.044
6098.89064 18.967 0.066
6099.71225 18.912 0.047
6099.77900 19.072 0.053
6100.52687 19.037 0.053
6100.58491 19.079 0.060
6100.62240 19.100 0.043
6100.66953 18.884 0.028
6100.72090 19.214 0.049
6100.75930 18.993 0.040
6100.80701 19.035 0.056
6100.84769 19.349 0.087
6100.88784 18.897 0.045
6101.52362 18.982 0.046
6101.56160 19.069 0.047
6101.59912 19.165 0.046
6101.63745 18.922 0.034
6101.67723 19.163 0.036
6101.73913 18.914 0.031
6101.77795 19.132 0.041
6101.82121 19.069 0.045
6101.86417 19.046 0.054
6102.52595 19.328 0.086
6102.56336 19.029 0.052
6102.62087 19.136 0.046
6102.66025 19.152 0.042
6102.70079 18.853 0.035
6102.73895 19.036 0.032
6102.77775 19.005 0.035
6102.81828 18.897 0.035
6102.85846 19.152 0.054
6103.48721 18.948 0.059
6103.53018 18.979 0.043
6103.57029 18.872 0.039
6103.61041 19.098 0.041
6103.66877 18.924 0.033
6103.70913 19.177 0.042
6103.74933 19.092 0.041
6103.81543 19.183 0.045
6104.48803 19.053 0.053
6104.53083 19.006 0.038
6104.56889 19.114 0.040
6104.65323 19.120 0.036
6104.69371 19.006 0.029
6104.73395 18.843 0.025
6104.77258 19.153 0.038
6104.81390 18.884 0.029
6104.86256 18.900 0.040
6105.50824 19.002 0.057
6105.54129 19.180 0.066
6105.58159 18.921 0.043
6105.65113 19.143 0.041
6105.69326 19.084 0.043
6105.73288 19.166 0.042
6105.77256 18.932 0.052
6106.63688 18.954 0.046
6108.50351 19.285 0.082
6108.54090 19.004 0.051
6108.57992 19.017 0.050
6108.63345 18.970 0.045
6108.68670 19.031 0.039
6108.72626 19.095 0.046
6108.76571 18.884 0.037
6108.80892 19.131 0.048
6108.84646 19.060 0.043
6109.69279 19.222 0.083
6109.72944 18.864 0.044
6109.76712 18.965 0.071
6109.81035 19.031 0.062
6109.85015 19.005 0.063
6113.54802 19.003 0.062
6113.59036 18.940 0.050
6113.62822 19.133 0.056
6113.67022 18.784 0.044
6113.71012 19.018 0.044
6113.74867 19.068 0.052
6113.78640 18.827 0.039
6113.82544 19.179 0.059
6114.56088 19.091 0.068
6114.59852 19.116 0.056
6114.63707 19.027 0.051
6114.68492 19.393 0.071
6114.73244 18.996 0.042
6114.77013 18.995 0.043
6114.80904 18.954 0.044
6114.85048 18.826 0.055
6115.49651 18.807 0.037
6115.53490 19.032 0.043
6115.57256 18.927 0.040
6115.63228 19.145 0.050
6115.68508 18.961 0.045
6115.75025 19.168 0.047
6115.80225 18.980 0.051
6116.49403 19.016 0.038
6116.53548 18.959 0.033
6116.57638 18.898 0.031
6116.62364 19.129 0.037
6116.67277 18.903 0.036
6116.71437 19.199 0.043
6116.75742 18.957 0.038
6116.79852 18.969 0.040
6116.83070 19.214 0.048
6117.51570 19.062 0.044
6117.55330 19.102 0.042
6117.59173 19.077 0.036
6117.65399 19.005 0.040
6117.69359 18.832 0.034
6117.73205 18.946 0.039
6117.77126 19.048 0.042
6117.80885 18.994 0.051
6117.84065 18.899 0.044
6118.50595 19.081 0.048
6118.54499 18.961 0.033
6118.58467 18.968 0.033
6118.64072 18.998 0.033
6118.69452 18.973 0.031
6118.73356 19.171 0.036
6118.77088 19.030 0.036
6118.80839 19.078 0.042
6119.49411 19.094 0.062
6119.53550 18.990 0.048
6119.57427 19.089 0.040
6119.63039 18.970 0.033
6119.67363 19.064 0.035
6119.71164 19.056 0.044
6119.73884 18.918 0.035
6119.77848 19.044 0.045
6119.81558 18.793 0.035
6120.52224 19.076 0.055
6120.56171 19.147 0.050
6120.62763 19.063 0.037
6120.67804 19.024 0.033
6120.71713 19.020 0.043
6120.75952 19.200 0.052
6120.80421 19.075 0.048
6121.47665 18.946 0.033
6121.51401 19.132 0.035
6121.55178 18.949 0.028
6121.60432 19.142 0.031
6121.65683 18.893 0.028
6121.72093 19.213 0.034
6121.75906 18.915 0.025
6123.52662 19.278 0.060
6123.56507 19.059 0.041
6123.61236 19.108 0.043
6123.66401 19.009 0.033
6123.70291 19.081 0.046
6123.74115 19.195 0.045
6123.78168 18.967 0.032
6123.81651 18.925 0.036
6124.51123 19.110 0.054
6124.55751 19.053 0.040
6124.64087 19.035 0.038
6124.68221 18.976 0.036
6124.72152 19.010 0.034
6124.76362 18.904 0.037
6124.80258 19.054 0.041
6125.51093 18.938 0.043
6125.52385 19.065 0.044
6125.57061 18.957 0.035
6125.63986 19.110 0.043
6125.68440 18.967 0.035
6125.72605 19.029 0.037
6125.77164 19.176 0.043
6125.81308 18.982 0.041
6126.50818 19.143 0.045
6126.55691 18.895 0.036
6126.60318 19.091 0.043
6126.67537 19.090 0.040
6126.71928 19.089 0.042
6126.77023 18.942 0.038
6127.50415 18.929 0.041
6127.54620 18.994 0.053
6127.63423 18.961 0.042
6127.73694 19.004 0.043
6128.51291 19.078 0.036
6128.55561 18.950 0.032
6128.59940 18.944 0.033
6128.64538 19.171 0.037
6128.70127 18.915 0.036
6130.55043 18.993 0.042
6130.74120 18.981 0.048
6131.53226 19.173 0.047
6131.58529 18.981 0.032
6131.64710 19.393 0.053
6131.69335 19.114 0.039
6131.76665 19.055 0.043
6132.53928 19.083 0.045
6132.62225 19.001 0.049
6132.67232 19.086 0.048
6132.71699 18.889 0.033
6132.79621 19.185 0.057
6133.56463 19.166 0.048
6133.61532 19.110 0.044
6133.67649 18.956 0.036
6133.72188 18.961 0.038
6133.77095 18.950 0.046
6134.53566 19.198 0.060
6134.57600 19.081 0.056
6134.62944 19.003 0.043
6134.68699 19.077 0.054
6135.51778 18.848 0.043
6135.56187 19.094 0.048
6135.63797 19.029 0.059
6135.68909 18.995 0.041
6135.74069 19.001 0.040
6135.77972 19.156 0.046
6136.48545 19.072 0.068
6136.60941 18.940 0.067
6136.66847 18.938 0.043
6140.47909 19.132 0.078
6140.51859 18.894 0.090
6140.56671 19.261 0.097
6140.61969 18.862 0.055
6140.65890 19.266 0.077
6140.69831 19.059 0.075
6140.74010 18.868 0.086
6141.50615 18.980 0.049
6141.54379 19.055 0.048
6141.59441 19.137 0.077
6141.64164 19.175 0.062
6141.67932 18.877 0.043
6141.72033 19.014 0.051
6141.76057 19.076 0.056
6142.48746 19.147 0.076
6142.54979 18.841 0.062
6143.53442 19.021 0.058
6147.52774 18.971 0.035
6147.57851 18.970 0.044
6147.61979 19.110 0.053
6147.67717 19.020 0.049
6147.71511 19.092 0.056
6148.50923 18.919 0.029
6148.55855 19.247 0.040
6148.61166 18.907 0.028
6148.65115 19.146 0.040
6148.69655 19.070 0.039
6149.57931 18.942 0.033
6149.61784 18.997 0.043
6150.50138 19.077 0.061
6150.54943 19.025 0.040
6150.60089 19.099 0.048
6150.65132 18.928 0.032
6151.48529 19.022 0.054
6151.55404 19.200 0.059
6151.59516 18.982 0.043
6151.63405 18.944 0.042
6151.67494 19.113 0.051
6151.71490 18.838 0.043
6152.48456 18.957 0.041
6152.52415 19.200 0.044
6152.56465 19.021 0.044
6152.62907 19.105 0.041
6152.66847 18.774 0.028
6153.72084 19.120 0.056
6154.51275 19.043 0.043
6154.55388 19.117 0.050
6154.63330 19.068 0.044
6154.70535 19.005 0.045
6157.66180 18.871 0.041
6157.70380 19.206 0.065
6158.50191 19.083 0.036
6158.55201 19.025 0.040
6158.60366 19.067 0.043
6158.64424 18.951 0.042
6158.68401 19.146 0.045
6158.72071 19.047 0.042
6159.50818 18.957 0.053
6159.56322 19.012 0.044
6159.61550 19.104 0.045
6159.68545 18.930 0.051
6160.48976 19.074 0.043
6160.54551 18.916 0.037
6160.55947 18.922 0.034
6160.60512 19.287 0.048
6160.64668 18.937 0.035
6160.68518 19.057 0.042
6160.69792 19.102 0.040
6161.48886 18.991 0.050
6161.52915 19.194 0.062
6161.56893 19.124 0.053
6161.62882 18.914 0.036
6161.69222 19.109 0.049
6164.50663 18.973 0.056
6164.57073 18.964 0.064
6164.60389 18.787 0.063
6166.57457 19.222 0.074
6166.63388 18.993 0.052
6167.51280 18.958 0.084
6167.55095 18.882 0.051
6167.60465 19.042 0.098
6167.65442 19.149 0.110
6168.49379 18.898 0.046
6168.56345 18.920 0.040
6168.61614 19.053 0.048
6168.67226 19.116 0.046
6169.49328 19.026 0.054
6169.54338 19.260 0.062
6169.59401 19.064 0.044
6169.63415 18.887 0.044
6169.67710 18.865 0.049
6171.49506 18.991 0.035
6171.54908 18.956 0.042
6171.59847 18.981 0.040
6171.63837 18.965 0.099
6171.68664 19.035 0.052
6172.50781 18.963 0.030
6172.55782 18.967 0.036
6172.60828 19.021 0.034
6172.64669 19.172 0.043
6174.57997 18.894 0.053
6174.64639 19.054 0.062
6175.51993 19.264 0.059
6175.55804 18.919 0.045
6175.59667 19.062 0.048
6175.63797 18.932 0.045
6175.67185 18.784 0.054
6179.52504 18.894 0.044
6179.57124 18.938 0.051
6179.61464 18.914 0.051
6179.65365 19.149 0.059
6180.50559 19.150 0.052
6180.55968 18.897 0.045
6180.60045 18.963 0.054
6180.63856 19.169 0.065
6180.67028 19.099 0.100
6181.52031 19.018 0.043
6181.55833 19.019 0.039
6181.60075 19.071 0.039
6181.63901 18.951 0.043
6182.52178 19.065 0.040
6182.56632 19.028 0.037
6182.61052 18.994 0.043
6182.65276 19.071 0.056
6183.50191 19.195 0.053
6183.60473 19.090 0.039
6184.48395 18.965 0.043
6184.55653 19.084 0.036
6184.60557 18.992 0.034
6184.64621 19.114 0.050
6185.50672 18.970 0.030
6185.56545 18.981 0.032
6185.60826 19.041 0.036
6186.48089 19.061 0.061
6186.53787 18.994 0.038
6186.57657 19.015 0.043
6187.53731 18.976 0.053
6190.51656 19.016 0.043
6190.57414 18.890 0.034
6190.61404 19.181 0.051
6191.51761 19.119 0.070
6191.56950 18.999 0.048
6191.61172 19.095 0.045
6195.49362 18.806 0.037
6195.54586 19.189 0.047
6195.58400 18.891 0.042
6195.62159 19.111 0.055
6196.49437 19.206 0.063
6196.54270 18.906 0.056
6196.58165 18.954 0.042
6196.62165 19.055 0.069
6197.49621 18.919 0.055
6197.54439 19.277 0.069
6197.58443 18.932 0.051
6198.55053 19.013 0.067
6199.51468 19.065 0.073
6200.58592 18.861 0.055
6201.52575 19.173 0.087
6202.56318 18.807 0.061
6203.50204 18.974 0.059
6203.55413 18.964 0.058
6203.59279 19.180 0.090
6204.50088 19.125 0.051
6204.51497 19.060 0.046
6204.54614 18.971 0.043
6204.58425 19.019 0.062
6205.48733 18.982 0.051
6205.53043 19.073 0.039
6205.56848 19.227 0.046
6205.60474 18.883 0.038
6209.54934 18.863 0.057
6210.50140 18.983 0.046
6210.53977 19.076 0.049
6210.57862 19.115 0.053
6211.50317 19.140 0.047
6211.54552 18.990 0.041
6211.58399 18.974 0.043
6212.50262 18.956 0.043
6212.54102 19.028 0.041
6212.57809 19.136 0.047
6213.51767 19.043 0.049
6213.55548 19.144 0.063
6214.50952 19.105 0.050
6214.55088 18.966 0.054
6216.51328 18.983 0.048
6216.55226 19.036 0.050
6216.57500 19.027 0.048
6217.50806 19.132 0.041
6217.54594 19.003 0.037
6217.58282 19.066 0.045
6218.52097 19.003 0.049
6218.55951 19.086 0.056
6219.50151 18.876 0.044
6219.53963 19.024 0.050
6221.51427 19.208 0.122
6223.54546 19.004 0.060
6226.52837 19.030 0.072
6231.50129 19.028 0.082
6232.50243 19.063 0.081
6233.53144 18.859 0.058
6234.52549 18.987 0.066
6238.52114 18.842 0.059
6239.52285 18.918 0.068
6326.87377 19.112 0.082
6329.86998 18.981 0.069
6329.87295 19.270 0.092
6334.87206 19.267 0.050
6335.84695 19.061 0.045
6337.86345 19.193 0.050
6338.84197 19.042 0.046
6338.88377 19.096 0.043
6339.85982 19.077 0.039
6340.83951 19.208 0.045
6341.87703 19.062 0.046
6343.84039 19.255 0.063
6344.84181 19.054 0.036
6344.88225 19.051 0.034
6345.84772 19.176 0.045
6345.89527 18.914 0.047
6347.85424 18.912 0.038
6347.89260 19.136 0.040
6348.84525 19.011 0.041
6348.88967 18.885 0.037
6350.84491 19.197 0.055
6350.89371 18.846 0.036
6351.84813 18.996 0.042
6351.89988 18.991 0.052
6352.84782 18.971 0.038
6352.89105 19.141 0.043
6353.82289 18.999 0.043
6353.87971 19.044 0.037
6354.85287 18.910 0.037
6358.85699 19.139 0.047
6360.81749 18.909 0.032
6360.86497 19.184 0.037
6361.80255 19.045 0.037
6361.84039 19.181 0.041
6361.88135 18.947 0.035
6362.81342 19.127 0.046
6362.86425 19.007 0.037
6362.87701 18.968 0.038
6363.79431 18.880 0.039
6363.83418 19.094 0.040
6363.89250 18.865 0.028
6367.85312 18.915 0.025
6367.89153 19.075 0.030
6368.78946 19.021 0.037
6368.84269 19.041 0.036
6368.88245 18.981 0.034
6369.76922 18.923 0.043
6369.80953 19.220 0.042
6369.86140 18.938 0.030
6369.90774 18.996 0.034
6370.79023 19.033 0.032
6370.83945 18.995 0.035
6370.88226 19.144 0.036
6371.76434 19.137 0.045
6371.80374 18.923 0.028
6371.85250 19.068 0.028
6371.89354 18.906 0.025
6372.75657 18.978 0.043
6372.80604 19.064 0.034
6372.84529 18.950 0.033
6372.88513 19.018 0.034
6373.75655 19.106 0.046
6373.80159 19.049 0.043
6373.85075 19.211 0.040
6373.89052 19.116 0.040
6374.75499 18.866 0.043
6374.79642 18.928 0.042
6374.84594 19.198 0.044
6374.88556 18.952 0.036
6375.75402 19.015 0.037
6375.79294 19.161 0.039
6375.86062 18.885 0.028
6375.90176 19.102 0.030
6376.76481 18.973 0.043
6376.81658 18.993 0.037
6376.85653 19.092 0.041
6376.89859 18.971 0.029
6377.77877 18.954 0.033
6377.82887 19.071 0.032
6377.86862 18.882 0.025
6377.91110 19.127 0.034
6378.77520 19.094 0.044
6378.82430 18.905 0.028
6378.86548 19.129 0.037
6378.90491 18.913 0.028
6379.76040 19.156 0.049
6379.80889 19.044 0.039
6379.84858 19.071 0.044
6379.89491 18.885 0.034
6380.74953 18.976 0.039
6380.78855 19.051 0.036
6380.85151 18.989 0.034
6380.89241 19.060 0.038
6381.75189 19.325 0.053
6381.79701 18.887 0.031
6381.84565 19.045 0.032
6381.88490 19.006 0.030
6382.74966 18.995 0.125
6382.79068 19.203 0.114
6382.82987 19.069 0.085
6382.87020 19.139 0.069
6386.74530 19.183 0.064
6386.78368 18.919 0.034
6386.84016 19.001 0.039
6386.88878 19.241 0.053
6387.71466 19.159 0.048
6387.75826 18.987 0.029
6387.80000 19.081 0.035
6387.84122 19.101 0.034
6387.87907 19.033 0.040
6388.71805 18.996 0.041
6388.78067 19.175 0.037
6388.81976 19.000 0.032
6388.88837 19.121 0.040
6389.70645 19.001 0.055
6389.74813 19.195 0.044
6389.80042 18.892 0.030
6389.83722 19.063 0.041
6389.87583 19.101 0.038
6389.92003 18.799 0.038
6390.74141 18.915 0.034
6390.78342 19.169 0.038
6390.82439 19.151 0.040
6390.86788 18.977 0.033
6390.91476 19.167 0.047
6391.70293 18.875 0.051
6391.74357 19.150 0.048
6391.79456 19.088 0.049
6391.84661 19.174 0.050
6391.88931 19.293 0.071
6393.72542 18.863 0.040
6393.77809 19.257 0.048
6393.82932 19.070 0.043
6393.87053 19.071 0.046
6394.73214 19.029 0.047
6394.78485 18.978 0.041
6394.83228 19.109 0.044
6394.87162 19.145 0.048
6395.69602 18.874 0.043
6395.73649 19.086 0.040
6395.79511 19.046 0.040
6395.83416 19.016 0.031
6395.87406 18.982 0.028
6395.91877 19.094 0.033
6396.72116 18.765 0.026
6396.76800 19.018 0.028
6396.81805 18.982 0.029
6396.86076 19.120 0.030
6396.90268 18.983 0.033
6397.69649 18.938 0.036
6397.73422 19.148 0.036
6397.78512 18.920 0.027
6397.83384 19.217 0.038
6397.87178 18.982 0.031
6397.91089 18.873 0.029
6398.70315 19.105 0.036
6398.75150 18.938 0.031
6398.80340 19.291 0.042
6398.84160 19.017 0.034
6398.88384 19.038 0.033
6398.92230 19.003 0.036
6399.70973 19.049 0.041
6399.74801 19.206 0.043
6399.80525 18.913 0.030
6399.84394 19.095 0.046
6399.89021 19.078 0.043
6400.70237 19.128 0.037
6400.74694 19.071 0.045
6400.81310 19.245 0.046
6400.86851 18.997 0.040
6400.91354 19.109 0.043
6401.70946 19.047 0.037
6401.75652 19.137 0.034
6401.80748 18.967 0.032
6401.84597 18.947 0.029
6401.88779 19.072 0.034
6401.92570 19.048 0.041
6402.71887 18.967 0.036
6402.76613 19.008 0.040
6402.81304 19.024 0.037
6402.85321 19.192 0.045
6402.89435 19.089 0.065
6403.68468 19.085 0.042
6403.72225 19.135 0.034
6403.75980 19.005 0.033
6403.80830 19.134 0.032
6403.84661 18.962 0.033
6403.90197 19.235 0.043
6404.69397 19.233 0.066
6404.74335 18.826 0.038
6404.79222 19.090 0.043
6404.83106 18.926 0.032
6404.87058 19.224 0.048
6404.92291 18.906 0.040
6405.81513 19.147 0.058
6405.87474 18.864 0.024
6405.91582 19.118 0.031
6406.77633 19.179 0.086
6406.83895 18.768 0.057
6406.89480 19.207 0.043
6406.93573 18.850 0.047
6407.71314 19.093 0.060
6407.75107 19.252 0.056
6407.78911 18.811 0.036
6407.83878 19.156 0.045
6407.87871 19.031 0.043
6407.92686 18.970 0.048
6408.74362 18.814 0.069
6408.78299 19.001 0.057
6408.82353 19.067 0.054
6409.79682 19.037 0.076
6409.84245 18.966 0.054
6409.89666 19.074 0.061
6409.93456 19.083 0.084
6415.72380 19.025 0.050
6415.77511 19.089 0.049
6415.81559 19.089 0.043
6415.86798 18.990 0.052
6415.91680 19.028 0.043
6416.65717 18.996 0.043
6416.70230 19.167 0.045
6416.76544 18.938 0.031
6416.81286 19.092 0.035
6416.86909 18.990 0.035
6416.91876 19.230 0.048
6417.69004 18.931 0.047
6417.72813 18.986 0.038
6417.76563 19.317 0.060
6417.81330 18.947 0.032
6417.85381 19.162 0.048
6417.90268 19.155 0.049
6418.63240 19.240 0.057
6418.67321 18.979 0.038
6418.71069 19.160 0.043
6418.74827 19.105 0.037
6418.78607 18.923 0.033
6418.83705 19.300 0.036
6418.87522 18.931 0.029
6418.92277 19.259 0.046
6419.67431 19.217 0.049
6419.72219 18.927 0.036
6419.76042 19.023 0.035
6419.80950 19.061 0.036
6419.85088 19.006 0.040
6419.89804 19.142 0.046
6420.62653 19.121 0.041
6420.66425 19.019 0.032
6420.70195 18.942 0.029
6420.73969 19.090 0.029
6420.77561 18.967 0.027
6420.83592 19.101 0.031
6420.87482 19.007 0.028
6420.92331 19.012 0.030
6421.80405 19.119 0.042
6421.84432 18.929 0.036
6421.91813 19.021 0.043
6422.70363 18.966 0.033
6422.74802 19.077 0.036
6422.78581 19.040 0.039
6422.91062 18.798 0.051
6423.66179 18.958 0.043
6423.70739 19.196 0.052
6423.77806 18.951 0.039
6423.82738 19.031 0.041
6423.86568 19.026 0.043
6423.90427 19.120 0.039
6424.62554 18.947 0.040
6424.66653 19.045 0.036
6424.71625 18.980 0.031
6424.76639 19.050 0.032
6424.81947 19.108 0.035
6424.86107 18.895 0.030
6424.91523 18.994 0.038
6426.61375 19.177 0.047
6426.65445 18.990 0.036
6426.73382 19.038 0.030
6426.80215 19.125 0.039
6426.85383 18.891 0.026
6426.89494 19.046 0.035
6426.93559 19.024 0.050
6427.89223 19.227 0.043
6428.61560 18.967 0.045
6428.65681 18.981 0.050
6428.70652 19.066 0.046
6428.74780 19.151 0.042
6428.81028 19.003 0.037
6428.85360 19.074 0.043
6428.89473 19.023 0.038
6428.93555 18.971 0.062
6431.61061 18.914 0.052
6431.65507 18.956 0.049
6431.69527 19.189 0.045
6431.74630 19.002 0.036
6431.79916 19.033 0.040
6431.83959 19.120 0.037
6431.87984 18.955 0.036
6431.92038 19.186 0.051
6432.63139 18.881 0.043
6432.67890 19.225 0.048
6432.72967 18.877 0.035
6432.77957 19.093 0.047
6432.82098 18.962 0.035
6432.86155 19.238 0.044
6432.90204 19.066 0.049
6432.94431 18.884 0.071
6433.62543 19.261 0.073
6433.66584 18.901 0.034
6433.70654 19.070 0.040
6433.76699 18.970 0.049
6433.81565 19.015 0.036
6433.86522 18.852 0.038
6434.61550 19.162 0.070
6434.65578 18.978 0.051
6434.69801 19.177 0.049
6434.74752 18.901 0.031
6434.79914 19.152 0.043
6434.84044 19.014 0.042
6434.88836 18.947 0.041
6434.93397 18.974 0.046
6435.59547 18.937 0.064
6435.64615 19.128 0.049
6435.68617 19.093 0.043
6435.73857 19.121 0.042
6435.78952 19.022 0.042
6435.83173 18.931 0.040
6435.87548 18.992 0.043
6435.91744 18.946 0.036
6436.59038 19.054 0.063
6436.63216 19.096 0.050
6436.67518 18.928 0.041
6436.71686 19.075 0.045
6436.78056 18.979 0.044
6436.82135 19.170 0.053
6436.86312 18.933 0.044
6436.90454 19.140 0.050
6436.94653 19.247 0.102
6437.72025 19.016 0.072
6437.76516 18.992 0.054
6437.79885 19.060 0.087
6437.84041 18.820 0.058
6437.87626 18.882 0.071
6437.91925 19.001 0.079
6441.63885 18.975 0.080
6441.73782 19.171 0.061
6441.79085 18.808 0.043
6441.84282 19.198 0.063
6441.88654 19.043 0.065
6441.92909 19.109 0.066
6442.58250 19.315 0.057
6442.62270 18.918 0.034
6442.66281 18.994 0.037
6442.71248 19.012 0.031
6442.76584 18.977 0.031
6442.80705 19.171 0.035
6442.84701 18.931 0.030
6442.88692 19.092 0.037
6442.92668 19.026 0.046
6443.60066 18.902 0.041
6443.69170 19.001 0.041
6443.77505 19.077 0.048
6443.86968 19.026 0.048
6444.67411 19.103 0.061
6444.77593 18.997 0.035
6444.82607 19.030 0.041
6444.86682 18.938 0.041
6444.90900 19.141 0.050
6445.57923 19.161 0.064
6445.62742 19.010 0.042
6445.68572 19.057 0.038
6445.73067 19.017 0.039
6445.78956 19.065 0.043
6445.83515 19.010 0.039
6445.88030 19.034 0.044
6445.92786 18.850 0.043
6446.57258 19.044 0.036
6446.61824 19.220 0.039
6446.65955 18.925 0.030
6446.71125 19.096 0.032
6446.76674 19.019 0.033
6446.80706 18.935 0.026
6446.84964 19.165 0.036
6446.91697 19.004 0.039
6447.55177 18.863 0.037
6447.59441 19.113 0.040
6447.63348 19.078 0.035
6447.67420 19.005 0.037
6447.73400 18.897 0.032
6447.77894 19.050 0.036
6447.82066 19.227 0.040
6447.86078 18.920 0.031
6447.90136 19.142 0.039
6447.94196 19.030 0.049
6448.58326 18.946 0.038
6448.62342 19.033 0.038
6448.66386 19.117 0.044
6448.71452 18.992 0.038
6448.76690 19.137 0.034
6448.80845 18.987 0.029
6448.84987 19.174 0.040
6448.89041 19.072 0.051
6448.93279 18.790 0.048
6449.58249 19.010 0.037
6449.62348 19.077 0.041
6449.66673 19.074 0.043
6449.70705 19.172 0.038
6449.76861 19.013 0.039
6449.80970 19.163 0.043
6449.85057 19.135 0.045
6449.89106 19.003 0.056
6449.93049 19.120 0.052
6450.57566 19.009 0.041
6450.61680 18.937 0.033
6450.65980 19.108 0.033
6450.70890 18.984 0.027
6450.75949 19.172 0.034
6450.80115 19.071 0.032
6450.84194 18.927 0.036
6450.88718 19.051 0.040
6450.93095 18.939 0.045
6451.58003 18.937 0.041
6451.62207 18.847 0.040
6451.66250 19.039 0.037
6451.71446 18.988 0.036
6451.76688 19.028 0.037
6451.80716 19.030 0.040
6451.84811 19.271 0.054
6451.89082 18.800 0.043
6452.54147 18.942 0.036
6452.58258 19.075 0.035
6452.62666 18.955 0.025
6452.66734 19.051 0.030
6452.75855 18.935 0.028
6452.82084 19.122 0.035
6452.86212 18.954 0.031
6452.90510 19.078 0.042
6454.55280 19.044 0.052
6454.59540 19.013 0.036
6454.63625 19.268 0.044
6454.67695 18.900 0.029
6454.73867 19.104 0.035
6454.78010 18.988 0.032
6454.82123 19.067 0.041
6454.86183 19.078 0.040
6454.90269 19.039 0.039
6455.53542 18.840 0.038
6455.59968 18.844 0.036
6455.70380 19.040 0.031
6455.80406 19.005 0.033
6456.56165 19.081 0.028
6456.60240 18.971 0.024
6456.64356 19.122 0.027
6456.69522 18.903 0.023
6456.74750 19.248 0.035
6456.78876 18.964 0.030
6456.82978 18.893 0.028
6456.90525 18.908 0.032
6457.72370 19.105 0.031
6457.77587 19.023 0.029
6457.81725 19.219 0.041
6457.85822 18.860 0.033
6457.89879 18.993 0.038
6458.55935 19.120 0.055
6458.60060 18.852 0.037
6458.64180 19.190 0.044
6458.68240 19.131 0.039
6458.73503 18.970 0.038
6458.78567 19.154 0.038
6458.82652 19.008 0.035
6458.86751 19.122 0.044
6458.90157 18.896 0.045
6459.55267 19.000 0.046
6459.59529 18.932 0.035
6459.63652 19.239 0.042
6459.68832 18.915 0.028
6459.74474 19.163 0.033
6459.78558 19.019 0.034
6459.82630 19.092 0.039
6459.86718 18.860 0.033
6459.89973 18.992 0.046
6460.61123 18.853 0.038
6460.66727 19.081 0.036
6460.75333 18.951 0.037
6460.83860 19.027 0.033
6461.54075 19.275 0.053
6461.58283 19.001 0.040
6461.62390 19.174 0.049
6461.66870 19.019 0.041
6461.72554 18.957 0.042
6461.78690 18.972 0.035
6461.84035 19.068 0.037
6461.89070 18.979 0.040
6462.62356 18.873 0.040
6462.66459 18.902 0.033
6462.80190 19.123 0.055
6462.84314 19.054 0.043
6462.88399 18.947 0.051
6463.51936 18.943 0.067
6463.57643 19.052 0.050
6463.61767 19.026 0.045
6463.65881 19.201 0.049
6463.72646 18.965 0.039
6463.76779 19.128 0.045
6463.80878 19.007 0.039
6463.84968 19.074 0.042
6463.88553 19.173 0.046
6464.58465 18.989 0.057
6464.62588 18.969 0.051
6464.66654 19.009 0.056
6464.72487 19.074 0.053
6464.77622 18.990 0.052
6464.81729 19.103 0.046
6464.85870 19.093 0.053
6468.53154 18.882 0.053
6468.57353 19.023 0.049
6468.61366 18.956 0.047
6468.65480 19.151 0.051
6468.68532 19.050 0.048
6468.72692 19.088 0.053
6468.77743 19.050 0.051
6469.50611 19.127 0.061
6469.55558 19.136 0.056
6469.59578 18.918 0.041
6469.63595 19.272 0.044
6469.70133 18.975 0.041
6469.74292 19.245 0.055
6469.85606 19.158 0.123
6471.62037 18.854 0.040
6472.62108 19.145 0.050
6472.65744 18.935 0.037
6472.71023 19.172 0.041
6472.76188 19.050 0.040
6472.80246 18.971 0.037
6472.84307 19.073 0.058
6473.56285 19.105 0.047
6473.60483 19.142 0.038
6473.64530 18.950 0.026
6473.69789 19.197 0.037
6473.74846 18.995 0.032
6473.78950 19.312 0.050
6473.82972 18.905 0.037
6473.86857 19.095 0.058
6474.50734 18.984 0.053
6474.55179 19.057 0.054
6474.59701 18.911 0.040
6474.63739 19.266 0.056
6474.68133 19.090 0.041
6474.73314 19.154 0.046
6474.78270 19.060 0.043
6474.82308 19.032 0.058
6474.86341 19.356 0.090
6475.49886 19.132 0.052
6475.54168 18.860 0.038
6475.58738 19.064 0.041
6475.64874 18.996 0.031
6475.70034 19.147 0.043
6475.74523 18.988 0.037
6475.78574 18.915 0.035
6475.82758 19.120 0.055
6476.51219 18.865 0.042
6476.55271 19.172 0.049
6476.59357 19.050 0.045
6476.64458 18.958 0.041
6476.70061 18.997 0.038
6476.74131 18.851 0.033
6476.78192 19.326 0.045
6476.82260 18.861 0.041
6477.50481 19.002 0.044
6477.54586 19.081 0.042
6477.58714 18.936 0.035
6477.62805 19.164 0.043
6477.69361 18.864 0.035
6477.73460 19.107 0.042
6477.77501 18.948 0.044
6477.81643 19.231 0.078
6478.54322 18.845 0.041
6478.58351 19.143 0.040
6478.63492 18.813 0.034
6479.57822 19.023 0.037
6479.61897 19.050 0.037
6479.67275 19.209 0.056
6479.79272 19.058 0.049
6479.83831 19.127 0.059
6480.53190 18.892 0.045
6480.57532 18.934 0.039
6480.61591 19.082 0.051
6480.67838 18.991 0.034
6480.71857 19.032 0.051
6480.75928 18.939 0.037
6480.80081 19.070 0.043
6481.47198 19.354 0.077
6481.51305 18.814 0.052
6481.55612 19.124 0.046
6481.59767 19.188 0.048
6481.61232 18.933 0.038
6481.71524 18.877 0.047
6481.75630 19.124 0.052
6481.80002 19.131 0.053
6482.77333 19.119 0.061
6483.58443 19.011 0.041
6483.63741 18.841 0.030
6484.46596 19.220 0.068
6484.50695 18.904 0.043
6484.54774 19.166 0.045
6485.48215 18.949 0.042
6485.52851 18.937 0.039
6485.57369 18.945 0.036
6485.66319 18.874 0.028
6485.71477 19.135 0.034
6485.76110 18.917 0.029
6485.80654 19.040 0.047
6486.48556 19.120 0.047
6486.52689 18.983 0.040
6486.57311 19.229 0.042
6486.62431 18.906 0.032
6486.69397 19.075 0.041
6486.73678 18.878 0.030
6486.78358 19.132 0.039
6486.82226 19.010 0.040
6487.48397 18.925 0.034
6487.52678 19.184 0.044
6487.57271 18.898 0.030
6487.62499 19.031 0.030
6487.68648 18.975 0.026
6487.72792 19.014 0.033
6487.77196 19.071 0.029
6487.81622 18.959 0.037
6489.52402 18.996 0.041
6489.56623 19.172 0.054
6489.61279 18.935 0.028
6489.67825 19.121 0.044
6489.72045 18.916 0.043
6489.76716 19.143 0.052
6489.81571 19.021 0.060
6490.49574 18.934 0.038
6490.53651 19.041 0.040
6490.57771 18.951 0.037
6490.63763 19.218 0.044
6490.68282 18.886 0.031
6490.72347 19.011 0.035
6490.76747 18.936 0.033
6491.48367 19.216 0.067
6491.52661 18.862 0.041
6491.58830 19.092 0.048
6491.64562 19.085 0.049
6491.70333 19.079 0.043
6491.74524 19.011 0.038
6491.78767 18.981 0.043
6492.47002 18.933 0.064
6492.51727 19.132 0.059
6492.56210 19.007 0.047
6492.61220 18.937 0.036
6492.67559 19.050 0.054
6492.71315 19.141 0.052
6492.74907 19.085 0.053
6492.79298 18.760 0.056
6496.50074 19.312 0.075
6496.54081 18.985 0.062
6496.58115 19.387 0.102
6496.77688 18.864 0.067
6497.55527 19.291 0.074
6497.59596 19.084 0.058
6497.64810 19.284 0.064
6497.69873 18.929 0.046
6497.74005 19.018 0.058
6497.78074 19.109 0.056
6498.48239 19.075 0.037
6498.52587 19.118 0.033
6498.57073 19.052 0.031
6498.61652 19.157 0.041
6498.66239 18.877 0.032
6498.70546 19.219 0.050
6498.74824 18.970 0.034
6498.79022 18.926 0.045
6499.49610 18.970 0.041
6499.53994 18.931 0.032
6499.58365 19.367 0.062
6500.55254 18.977 0.049
6500.64823 19.135 0.064
6500.69493 18.839 0.043
6501.52127 18.782 0.040
6501.57154 19.153 0.047
6501.63639 18.882 0.030
6501.67779 19.063 0.037
6501.72023 19.033 0.040
6501.76306 18.895 0.048
6504.62411 18.977 0.038
6504.65190 18.941 0.040
6504.69490 19.139 0.040
6504.73762 18.991 0.043
6505.48899 18.891 0.039
6505.55005 19.255 0.047
6505.62389 19.112 0.050
6505.66475 19.122 0.044
6505.70649 19.028 0.043
6505.74858 19.092 0.052
6506.47939 18.874 0.047
6506.58708 19.186 0.065
6506.66274 19.113 0.050
6506.72437 19.008 0.047
6506.76551 19.023 0.058
6507.66620 19.369 0.077
6507.72329 18.801 0.046
6508.48205 18.763 0.043
6508.54099 19.058 0.039
6508.58494 18.941 0.039
6508.63202 19.240 0.040
6508.67399 18.882 0.030
6508.73424 19.319 0.048
6508.77578 18.950 0.041
6509.54565 19.018 0.030
6509.59751 19.157 0.029
6509.63959 18.918 0.026
6509.68090 19.136 0.035
6509.72342 19.106 0.039
6509.76310 19.073 0.051
6510.51511 19.046 0.033
6510.56767 19.052 0.030
6510.61353 19.081 0.031
6510.65556 19.167 0.033
6510.72575 19.015 0.040
6511.47727 18.992 0.044
6511.54520 19.002 0.039
6511.61566 19.098 0.043
6511.67064 18.977 0.037
6511.72006 19.191 0.045
6512.72250 19.048 0.046
6514.47838 19.307 0.062
6514.53963 18.956 0.037
6514.62414 18.962 0.035
6514.67515 19.014 0.032
6514.73017 18.998 0.033
6515.49280 18.891 0.032
6515.56388 19.200 0.037
6515.62653 19.040 0.028
6515.71834 18.914 0.027
6516.48037 18.999 0.053
6516.55111 19.085 0.044
6516.61817 19.153 0.036
6516.67256 18.961 0.043
6518.51567 19.108 0.037
6518.57856 19.088 0.035
6518.63076 19.083 0.033
6518.67797 19.042 0.033
6518.72415 19.105 0.039
6519.51160 19.024 0.032
6519.58359 19.044 0.043
6519.63165 18.983 0.036
6519.68400 18.996 0.035
6519.73096 19.023 0.043
6523.51607 18.949 0.037
6523.55452 19.164 0.046
6523.59182 18.853 0.033
6523.63090 19.095 0.049
6523.67149 19.078 0.053
6524.48931 19.013 0.043
6524.53807 19.008 0.044
6524.58560 18.905 0.035
6524.63393 19.022 0.044
6525.48998 19.049 0.061
6525.53995 19.214 0.069
6525.58717 19.183 0.073
6525.64283 18.982 0.061
6526.63343 19.153 0.056
6527.57658 19.149 0.061
6528.57141 19.294 0.068
6529.56922 19.040 0.050
6529.61065 18.880 0.047
6529.65352 18.839 0.044
6531.47762 19.245 0.081
6531.53678 19.070 0.046
6531.59850 18.898 0.035
6531.64597 19.146 0.053
6532.47934 19.139 0.046
6532.53513 18.987 0.033
6532.57848 19.086 0.037
6532.63802 18.905 0.037
6533.49035 19.069 0.053
6533.54931 19.147 0.050
6533.60984 18.984 0.037
6534.50800 19.231 0.056
6534.57010 18.875 0.038
6534.61152 19.250 0.044
6534.65444 19.107 0.049
6536.49309 18.908 0.031
6536.59209 19.000 0.031
6536.63458 19.179 0.040
6538.52926 19.054 0.035
6538.58394 19.194 0.050
6539.48018 18.970 0.042
6539.53157 19.153 0.039
6539.58123 18.877 0.029
6539.64076 19.132 0.038
6541.47836 18.944 0.034
6541.52741 19.123 0.045
6541.59110 18.948 0.031
6543.47829 19.254 0.090
6543.55510 19.174 0.040
6543.60003 19.084 0.036
6543.64060 19.063 0.038
6544.54248 18.900 0.045
6544.58307 19.290 0.052
6545.49905 18.978 0.038
6545.54093 18.921 0.028
6545.58595 19.257 0.045
6545.63168 18.880 0.030
6546.52108 19.276 0.063
6546.57439 19.289 0.070
6546.63360 19.135 0.052
6547.58761 19.022 0.090
6551.48618 18.884 0.062
6551.57590 18.937 0.063
6552.57961 18.871 0.055
6555.54956 18.960 0.056
6555.59913 19.370 0.066
6556.61739 18.843 0.059
6558.49549 19.066 0.035
6558.53960 18.968 0.033
6558.58333 19.214 0.045
6558.63504 19.057 0.060
6559.53888 19.047 0.040
6559.57904 18.923 0.036
6560.48655 19.363 0.074
6560.53987 18.971 0.039
6560.58871 19.088 0.068
6560.63301 18.935 0.049
6561.54380 18.948 0.041
6562.49898 18.865 0.041
6562.54610 18.991 0.040
6562.59302 19.028 0.034
6562.63216 19.395 0.059
6563.57213 19.003 0.047
6563.61644 19.038 0.048
6564.51043 18.917 0.051
6564.55146 19.286 0.052
6564.59616 19.026 0.044
6565.52292 19.010 0.043
6565.57373 19.009 0.043
6568.51512 19.095 0.070
6568.55712 18.893 0.046
6568.60113 19.493 0.100
6569.50726 18.912 0.033
6569.54835 19.122 0.039
6569.58940 18.988 0.038
6570.52592 19.106 0.047
6570.56716 19.067 0.055
6571.53274 18.891 0.046
6571.57964 19.083 0.054
6572.50102 18.928 0.047
6572.56119 19.018 0.043
6573.48190 19.059 0.067
6573.52688 18.953 0.041
6573.57167 18.942 0.041
6573.58033 18.909 0.041
6578.48809 19.064 0.075
6578.53542 18.991 0.053
6579.51777 19.006 0.049
6579.57604 18.944 0.068
6581.48787 19.280 0.101
6581.53406 18.816 0.044
6582.49944 18.945 0.052
6582.55849 19.153 0.056
6583.51217 19.294 0.101
6583.55013 19.085 0.079
6584.50763 18.873 0.053
6584.55200 19.171 0.084
6585.50804 19.037 0.060
6585.55429 19.244 0.084
6590.51463 19.039 0.058
6593.49006 19.091 0.130
6594.50303 19.042 0.071
6595.51485 18.869 0.056
6688.87597 19.341 0.080
6689.87624 18.661 0.041
6691.86984 19.059 0.043
6692.87045 18.921 0.043
6693.86325 19.097 0.047
6693.88151 19.055 0.042
6694.86342 18.936 0.045
6694.88073 18.979 0.040
6695.87471 19.030 0.042
6696.86770 19.244 0.045
6697.86418 18.948 0.043
6698.87642 19.117 0.054
6699.86125 19.105 0.039
6699.89168 18.994 0.056
6700.88348 19.053 0.042
6701.88700 19.125 0.043
6702.85894 19.078 0.047
6703.84664 18.879 0.062
6704.86279 18.925 0.041
6705.86086 18.900 0.051
6705.89237 19.098 0.063
6707.85837 19.004 0.051
6708.83591 18.793 0.034
6708.88148 19.080 0.045
6709.84714 19.205 0.052
6709.89044 19.077 0.047
6710.86340 18.913 0.039
6711.84340 19.078 0.043
6711.88502 19.057 0.043
6714.87240 19.172 0.063
6715.83169 19.220 0.043
6715.87699 18.937 0.036
6716.82379 18.949 0.037
6716.86703 19.141 0.036
6717.82615 19.082 0.046
6717.87945 19.057 0.052
6718.84396 19.006 0.050
6718.89951 19.332 0.057
6719.84162 18.869 0.039
6719.88931 19.124 0.044
6720.81746 18.973 0.037
6720.86602 19.011 0.034
6721.80096 19.305 0.067
6721.84492 18.881 0.037
6721.88962 19.140 0.040
6722.82485 18.958 0.045
6722.87380 19.039 0.041
6723.79583 18.994 0.043
6723.85034 18.910 0.033
6723.89809 18.993 0.035
6724.83069 18.849 0.043
6724.87764 19.108 0.060
6725.80504 18.849 0.041
6725.85459 19.077 0.039
6725.90045 19.001 0.043
6726.81721 19.026 0.039
6726.86863 18.907 0.038
6726.91205 19.299 0.077
6727.82302 19.019 0.030
6727.87216 19.047 0.030
6728.78781 18.988 0.043
6728.84079 19.077 0.034
6728.88612 18.945 0.029
6729.79330 19.171 0.048
6729.84387 18.967 0.033
6729.88902 19.245 0.043
6730.79198 19.036 0.056
6730.84320 19.028 0.061
6730.89065 18.868 0.042
6731.88897 18.992 0.057
6732.80215 18.923 0.057
6732.85155 19.146 0.062
6732.89489 19.021 0.044
6733.78787 18.839 0.039
6733.83698 19.082 0.046
6733.88054 18.955 0.035
6734.76973 18.938 0.043
6734.82117 19.033 0.040
6734.86677 19.052 0.039
6734.91089 19.071 0.038
6735.79596 19.154 0.073
6735.86032 18.999 0.045
6735.90359 18.876 0.034
6736.77722 19.011 0.061
6736.82616 19.032 0.051
6736.88050 18.962 0.045
6737.78707 18.997 0.044
6737.83406 19.005 0.033
6737.86670 19.106 0.039
6737.91160 18.795 0.035
6741.91535 19.043 0.037
6742.79135 19.090 0.039
6742.83812 18.870 0.027
6742.88112 19.126 0.028
6743.88065 18.825 0.033
6744.80018 19.119 0.041
6744.84726 18.966 0.035
6744.89076 19.008 0.027
6745.76620 18.997 0.041
6745.78254 18.970 0.040
6745.82764 18.994 0.036
6745.87082 19.123 0.034
6745.91475 19.120 0.043
6746.77431 18.932 0.040
6746.82101 19.092 0.038
6746.86437 19.016 0.037
6747.82810 18.958 0.031
6747.87773 19.073 0.032
6747.92186 18.956 0.050
6748.80587 18.957 0.031
6748.86327 19.080 0.034
6749.73797 18.886 0.044
6749.78280 19.002 0.038
6749.82743 19.061 0.032
6749.87947 18.911 0.028
6750.75451 18.978 0.043
6750.81143 18.870 0.034
6750.91414 18.949 0.032
6751.76399 18.946 0.034
6751.82354 19.127 0.029
6751.87029 18.979 0.026
6751.92012 19.151 0.037
6752.75344 18.994 0.045
6752.81311 19.128 0.036
6752.85676 19.083 0.035
6753.84035 19.166 0.054
6754.72349 19.125 0.058
6754.77267 19.003 0.040
6754.81613 19.253 0.053
6754.87926 18.970 0.040
6755.73221 18.875 0.043
6755.80607 18.895 0.041
6755.86408 19.190 0.043
6755.90996 18.916 0.032
6756.72692 19.105 0.039
6756.77599 19.011 0.031
6756.83263 18.998 0.028
6756.88576 18.755 0.027
6757.70728 18.981 0.052
6757.75247 18.940 0.039
6757.81128 19.145 0.039
6757.85846 18.918 0.034
6757.90827 19.201 0.035
6758.72214 19.036 0.052
6758.77034 19.120 0.045
6758.85320 19.088 0.051
6758.90505 19.028 0.047
6759.70857 19.046 0.044
6759.75560 19.025 0.039
6759.81269 19.022 0.032
6759.86792 18.829 0.022
6759.91383 19.091 0.029
6760.70985 19.056 0.042
6760.76095 19.061 0.039
6760.81861 18.940 0.028
6760.86443 19.014 0.027
6760.90998 19.084 0.031
6760.92410 18.958 0.034
6761.72287 19.123 0.053
6761.77139 19.056 0.044
6761.81488 18.938 0.034
6761.86107 19.173 0.041
6761.92605 18.959 0.053
6762.73139 18.961 0.046
6762.78471 19.074 0.036
6762.87509 18.918 0.023
6762.92134 19.005 0.043
6763.71924 18.868 0.039
6763.76868 19.187 0.049
6763.81343 19.000 0.040
6763.87118 19.242 0.055
6763.92616 18.931 0.043
6764.71437 19.007 0.046
6764.77002 18.821 0.028
6764.81564 18.970 0.033
6764.85875 18.893 0.034
6764.90474 19.001 0.036
6764.91932 19.081 0.037
6765.72498 18.897 0.043
6765.77010 19.043 0.040
6765.80092 19.028 0.037
6765.85620 18.854 0.034
6765.89800 19.196 0.044
6768.68564 19.083 0.051
6768.72622 18.993 0.048
6768.77085 19.206 0.053
6768.82011 18.996 0.043
6768.87820 19.212 0.042
6768.92674 18.935 0.032
6769.70142 19.059 0.035
6769.75037 19.122 0.039
6769.79467 18.865 0.034
6769.83847 19.183 0.040
6769.88288 18.876 0.031
6769.92624 19.091 0.042
6770.71048 19.086 0.033
6770.75427 19.111 0.040
6770.79783 19.186 0.039
6770.84169 18.894 0.031
6770.88824 19.087 0.039
6771.68989 18.821 0.027
6771.73554 19.049 0.032
6771.79564 18.920 0.030
6771.85433 19.003 0.042
6771.89940 18.979 0.033
6772.67483 18.919 0.039
6772.72056 19.022 0.034
6772.78325 18.954 0.032
6772.82682 19.172 0.035
6772.88565 18.906 0.027
6772.92926 19.094 0.047
6773.71538 18.920 0.047
6773.76465 19.205 0.050
6773.81819 19.091 0.054
6773.87417 18.994 0.039
6773.91742 19.078 0.036
6774.69832 18.969 0.044
6774.74620 19.225 0.055
6774.79166 18.951 0.049
6774.83511 19.214 0.063
6775.67875 19.068 0.034
6775.72729 19.036 0.028
6775.78767 19.099 0.032
6775.84213 18.884 0.028
6775.89858 19.110 0.039
6776.66070 18.933 0.041
6776.71923 18.797 0.031
6776.77914 19.084 0.042
6776.82816 18.979 0.038
6776.88762 19.094 0.043
6777.72814 19.106 0.036
6777.77852 18.875 0.028
6777.82428 19.183 0.043
6777.90787 19.025 0.040
6777.93512 19.117 0.051
6784.64953 19.062 0.043
6784.70774 18.899 0.039
6784.75870 18.977 0.037
6784.80728 18.919 0.031
6784.85903 19.161 0.058
6784.90391 18.935 0.037
6785.63544 18.955 0.035
6785.68449 18.966 0.031
6785.73184 19.019 0.033
6785.78663 18.998 0.029
6785.84387 19.049 0.036
6785.90041 19.014 0.037
6786.64632 18.985 0.034
6786.69262 19.055 0.037
6786.75043 19.007 0.032
6786.80594 18.946 0.027
6786.83170 18.900 0.033
6786.87663 19.228 0.049
6786.92296 19.002 0.042
6787.72770 19.149 0.043
6787.79122 18.964 0.033
6787.83678 19.191 0.043
6788.81012 19.096 0.054
6789.64885 19.254 0.071
6789.69274 19.005 0.043
6789.73638 19.078 0.051
6789.78097 18.966 0.035
6789.82833 18.936 0.041
6789.89117 19.008 0.043
6789.93964 18.932 0.057
6790.65045 18.932 0.056
6790.69420 19.000 0.047
6790.73774 19.082 0.045
6790.78491 18.895 0.039
6790.83550 19.139 0.049
6790.88059 18.823 0.049
6790.93360 19.057 0.063
6791.64302 19.095 0.075
6791.68916 19.114 0.063
6791.73604 18.873 0.041
6791.78242 19.142 0.048
6791.83019 18.891 0.049
6791.87733 19.167 0.062
6791.92178 18.886 0.044
6792.63040 19.020 0.067
6792.67709 18.934 0.052
6792.72079 19.218 0.058
6792.76469 19.123 0.054
6792.80312 18.987 0.065
6792.84447 19.138 0.053
6792.88349 18.877 0.049
6792.91837 19.004 0.057
6796.60615 19.035 0.058
6796.65029 18.933 0.043
6796.69848 19.089 0.049
6796.74214 18.819 0.039
6796.78977 19.105 0.046
6796.83907 18.991 0.039
6796.88390 19.017 0.043
6796.92824 18.945 0.049
6797.62760 19.107 0.052
6797.66401 19.216 0.067
6797.71818 18.986 0.055
6797.76748 19.059 0.049
6797.81393 19.072 0.060
6797.85746 19.240 0.063
6797.89655 18.797 0.048
6797.93558 18.931 0.069
6798.67331 18.878 0.049
6798.75785 18.963 0.057
6798.82067 19.336 0.082
6798.86347 19.041 0.066
6799.78463 19.239 0.078
6799.85890 18.867 0.056
6799.91668 18.995 0.069
6803.62819 19.140 0.050
6803.69214 19.036 0.037
6803.74037 19.046 0.032
6803.79093 19.057 0.035
6803.83964 19.117 0.040
6803.88054 18.937 0.033
6803.91855 19.079 0.043
6804.57678 19.033 0.043
6804.61707 18.956 0.036
6804.66539 19.125 0.042
6804.71887 18.915 0.029
6804.76774 18.997 0.036
6804.82281 18.896 0.035
6804.86732 18.938 0.049
6804.90891 18.955 0.046
6804.94335 18.937 0.072
6805.62072 19.089 0.049
6805.67039 19.003 0.057
6805.71694 19.009 0.038
6805.78438 18.907 0.036
6805.82816 18.940 0.038
6805.87162 19.011 0.045
6805.91550 19.088 0.061
6806.85110 18.785 0.037
6806.89748 18.944 0.051
6807.63784 19.077 0.063
6807.69934 18.954 0.044
6807.74920 19.179 0.056
6807.79658 19.053 0.047
6807.84137 19.105 0.050
6807.88527 19.028 0.052
6807.92923 18.986 0.064
6808.59878 19.103 0.055
6808.64461 19.027 0.043
6808.69127 18.983 0.034
6808.75881 18.907 0.030
6808.80419 19.007 0.034
6808.84970 19.062 0.038
6808.89402 19.001 0.040
6808.93336 19.411 0.092
6809.58931 19.091 0.043
6809.64764 18.985 0.034
6809.70514 19.010 0.026
6809.76284 19.020 0.027
6809.81824 18.988 0.032
6809.87257 19.058 0.044
6809.91457 19.101 0.054
6810.58510 18.916 0.044
6810.63229 19.185 0.049
6810.67803 18.917 0.036
6810.73478 19.132 0.036
6810.79013 18.966 0.033
6810.84415 19.032 0.041
6810.88947 18.891 0.040
6810.92981 19.031 0.063
6811.58398 19.014 0.058
6811.62818 18.982 0.048
6811.67554 19.018 0.044
6811.73188 19.056 0.042
6811.79399 19.207 0.060
6811.84020 19.072 0.049
6811.88864 19.128 0.059
6811.93001 19.026 0.075
6813.62091 19.008 0.056
6813.67294 18.859 0.039
6813.72230 19.069 0.043
6813.78303 19.004 0.040
6813.83644 19.160 0.045
6813.88726 18.845 0.036
6813.92927 19.115 0.052
6814.61627 18.911 0.047
6814.67488 19.155 0.036
6814.75243 18.963 0.031
6814.79786 19.156 0.043
6814.84218 18.942 0.038
6814.88786 19.080 0.051
6814.92954 18.997 0.062
6815.59701 18.922 0.046
6815.64388 19.171 0.052
6815.69187 18.907 0.042
6815.77054 19.009 0.039
6815.82415 19.002 0.039
6815.87471 18.994 0.039
6815.91941 18.939 0.046
6816.58542 19.223 0.074
6816.64747 18.968 0.049
6816.71326 19.163 0.053
6816.76945 18.972 0.046
6816.82401 19.089 0.047
6816.87379 18.929 0.044
6817.58841 18.980 0.054
6817.63560 19.004 0.040
6817.68488 19.146 0.050
6817.73536 19.067 0.042
6817.78029 19.092 0.045
6817.83404 18.918 0.042
6817.88777 19.159 0.069
6817.91960 19.072 0.064
6818.57452 18.856 0.042
6818.85538 19.061 0.067
6819.56796 19.128 0.071
6819.60538 19.006 0.060
6819.64269 19.037 0.063
6819.68246 19.060 0.082
6819.73229 18.918 0.053
6819.77215 19.060 0.070
6819.82244 19.139 0.078
6819.86761 18.996 0.069
6823.70216 18.887 0.043
6823.75292 19.104 0.048
6823.79634 18.996 0.045
6823.84165 19.144 0.053
6823.88635 19.002 0.049
6824.54698 18.911 0.059
6824.59528 19.366 0.084
6824.64810 18.868 0.047
6824.69924 19.205 0.060
6824.76732 18.885 0.037
6824.81205 19.115 0.054
6824.85690 18.934 0.055
6824.89897 18.935 0.059
6825.56393 19.061 0.043
6825.60774 18.918 0.040
6825.65238 19.123 0.044
6825.70888 18.880 0.036
6825.76479 19.093 0.043
6825.80958 18.970 0.046
6825.85433 18.920 0.055
6825.90031 19.011 0.052
6826.54257 19.036 0.056
6826.58762 19.070 0.046
6826.63119 19.184 0.050
6826.68627 18.944 0.033
6826.74400 18.951 0.040
6826.78842 18.931 0.036
6826.85581 19.118 0.049
6826.89633 18.867 0.048
6827.55824 19.050 0.039
6827.60340 18.934 0.035
6827.64790 19.011 0.036
6827.73780 18.965 0.034
6827.78280 19.190 0.046
6827.82758 18.922 0.038
6827.87029 19.017 0.054
6828.54576 19.103 0.049
6828.59163 18.966 0.035
6828.63718 19.122 0.036
6828.69381 18.968 0.029
6828.76191 18.962 0.033
6828.81539 19.037 0.038
6828.85910 19.015 0.043
6828.89558 18.845 0.053
6829.54551 18.924 0.052
6829.59003 19.052 0.056
6829.64405 18.985 0.043
6829.70138 19.198 0.050
6829.74572 18.975 0.039
6829.78986 19.050 0.044
6829.83325 19.169 0.049
6829.87486 18.912 0.050
6830.55054 19.116 0.052
6830.59767 18.897 0.039
6830.65152 19.149 0.033
6830.70949 18.824 0.023
6830.75442 18.980 0.030
6830.79859 19.022 0.038
6830.85071 19.003 0.037
6831.52997 18.975 0.036
6831.61758 19.054 0.031
6831.66074 18.993 0.031
6831.72947 19.203 0.038
6831.77419 18.923 0.033
6831.86484 18.938 0.056
6832.52225 18.941 0.038
6832.57368 19.178 0.045
6832.61835 18.906 0.039
6832.68622 19.108 0.041
6832.73196 18.904 0.037
6832.77700 19.011 0.045
6832.82258 19.143 0.062
6833.52681 19.046 0.061
6833.57212 19.058 0.058
6833.62225 18.959 0.045
6833.68951 18.912 0.036
6833.73574 19.105 0.045
6833.77958 18.981 0.043
6833.82373 18.893 0.052
6833.86318 19.181 0.083
6834.52668 19.101 0.063
6834.56997 18.947 0.047
6834.61354 19.173 0.054
6834.66725 18.897 0.034
6834.72354 19.040 0.039
6834.76823 18.972 0.044
6834.81251 19.281 0.076
6834.85716 18.795 0.066
6835.54767 19.117 0.055
6835.59270 19.130 0.047
6835.63646 18.963 0.043
6835.70195 19.009 0.040
6835.74637 18.942 0.036
6835.79044 18.953 0.043
6835.83463 18.945 0.054
6836.49217 18.855 0.060
6836.54792 19.174 0.064
6836.60020 19.084 0.051
6836.64987 19.142 0.046
6836.70314 18.974 0.044
6836.75010 19.091 0.050
6836.79435 18.953 0.051
6836.83871 18.984 0.073
6837.49402 19.002 0.050
6837.53785 18.966 0.039
6837.58111 19.054 0.036
6837.62457 18.996 0.035
6837.68966 19.123 0.041
6837.73319 18.919 0.039
6837.77767 19.013 0.043
6837.82171 18.962 0.046
6837.85821 19.132 0.064
6838.51876 19.031 0.052
6838.56453 19.152 0.064
6838.60975 18.989 0.041
6838.66477 19.146 0.044
6838.71944 19.058 0.038
6838.76307 19.175 0.046
6838.80732 19.073 0.057
6838.84753 19.100 0.065
6839.51662 19.090 0.045
6839.56303 18.915 0.041
6839.60688 19.050 0.046
6839.65285 18.920 0.038
6839.72028 19.146 0.053
6839.76416 18.900 0.043
6839.80907 19.089 0.051
6839.84608 19.044 0.063
6840.54676 19.054 0.066
6840.59233 19.061 0.051
6840.64454 18.905 0.043
6840.71117 19.024 0.055
6840.75468 19.010 0.039
6840.79850 19.078 0.055
6841.53842 19.085 0.044
6841.59311 18.895 0.033
6841.64878 19.178 0.045
6841.70426 18.958 0.038
6841.74738 19.159 0.045
6841.79161 18.886 0.043
6841.83131 18.965 0.052
6842.51995 19.362 0.083
6842.56407 19.024 0.051
6842.60736 18.973 0.043
6842.67227 18.978 0.040
6842.71622 19.021 0.042
6842.76177 18.924 0.040
6842.80550 19.139 0.052
6844.47531 18.928 0.060
6844.51885 19.131 0.050
6844.56371 18.906 0.035
6844.60725 19.196 0.050
6844.66519 18.918 0.036
6844.72153 19.107 0.042
6844.76699 19.038 0.043
6844.81037 19.079 0.047
6844.84868 19.151 0.067
6845.49337 19.006 0.043
6845.53666 18.864 0.036
6845.57971 19.230 0.046
6845.62289 19.029 0.036
6845.68687 19.194 0.042
6845.73083 18.963 0.037
6845.77465 19.066 0.040
6845.81715 19.185 0.047
6846.80049 18.915 0.055
6846.81160 18.908 0.043
6846.83457 18.922 0.039
6847.46430 19.161 0.082
6847.49673 19.066 0.077
6847.53399 18.920 0.059
6847.57279 19.006 0.048
6847.60985 19.037 0.044
6847.65147 18.944 0.059
6847.69035 19.052 0.085
6847.72781 19.098 0.068
6847.76501 18.973 0.049
6847.80231 19.165 0.059
6848.58661 19.039 0.041
6848.71397 18.950 0.042
6848.75725 18.982 0.048
6848.77311 19.225 0.070
6848.79162 19.001 0.049
6848.80923 18.986 0.054
6848.82398 19.115 0.069
6848.83437 19.152 0.089
6848.83616 18.933 0.075
6848.83792 18.766 0.060
6848.84600 19.136 0.111
6849.62529 19.270 0.122
6849.63580 19.200 0.099
6849.64780 19.077 0.092
6849.65478 19.030 0.095
6849.66402 19.049 0.073
6850.51730 18.829 0.083
6850.53680 18.906 0.077
6850.55728 18.913 0.069
6850.57020 19.182 0.107
6850.57956 19.126 0.074
6850.59225 19.060 0.087
6850.60331 19.183 0.086
6850.63158 19.008 0.062
6850.64166 19.119 0.077
6850.67988 19.020 0.076
6850.69046 19.156 0.102
6850.70199 19.296 0.115
6850.71538 18.929 0.092
6850.72991 18.951 0.095
6850.74348 18.964 0.084
6850.75566 18.892 0.086
6850.76887 19.005 0.087
6850.78040 18.878 0.080
6850.79378 19.341 0.122
6850.80962 19.114 0.124
6851.46421 18.928 0.082
6851.48373 18.878 0.051
6851.50138 18.923 0.058
6851.51617 18.996 0.057
6851.53073 19.174 0.059
6851.55116 19.023 0.052
6851.56131 18.955 0.046
6851.57882 18.979 0.045
6851.59772 18.982 0.050
6851.61935 18.914 0.051
6851.64723 19.069 0.051
6851.67102 18.958 0.049
6851.69348 19.021 0.048
6851.71501 18.993 0.049
6851.74023 19.006 0.062
6851.76149 19.258 0.070
6851.78629 18.967 0.061
6851.80975 19.074 0.081
6852.46297 18.782 0.092
6852.47364 19.108 0.082
6852.48384 19.030 0.071
6852.49226 19.227 0.067
6852.50235 19.071 0.067
6852.51854 19.028 0.065
6852.52953 18.960 0.065
6852.54103 18.918 0.055
6852.55098 18.988 0.058
6852.56425 18.891 0.057
6852.57553 19.010 0.077
6852.59059 19.035 0.052
6852.59973 19.077 0.058
6852.61250 19.100 0.057
6852.62458 19.036 0.068
6852.63511 19.018 0.066
6852.64754 19.001 0.066
6852.66266 18.953 0.066
6852.67742 18.734 0.070
6852.69080 18.967 0.100
6852.70267 19.017 0.079
6852.71375 19.044 0.065
6852.72393 19.280 0.099
6852.73605 19.171 0.101
6852.74567 19.039 0.081
6852.76755 18.965 0.086
6852.77890 19.063 0.095
6852.79333 19.153 0.096
6852.80204 18.956 0.076
6852.81083 19.006 0.087
6852.81696 18.966 0.095
6853.54304 19.036 0.077
6853.55152 19.300 0.097
6853.55614 19.578 0.157
6853.58110 19.194 0.084
6853.58894 19.014 0.079
6853.59272 19.366 0.105
6853.59971 18.954 0.079
6853.60521 18.973 0.060
6853.61293 18.771 0.067
6853.67348 19.267 0.127
6853.68545 18.966 0.066
6853.70362 19.036 0.068
6853.71838 18.955 0.057
6853.73229 18.904 0.060
6853.75258 19.048 0.076
6854.46129 18.763 0.088
6854.47026 18.835 0.051
6854.48521 18.904 0.043
6854.51642 19.344 0.059
6854.53247 19.082 0.045
6854.55110 19.066 0.036
6854.67759 18.895 0.034
6855.48385 19.181 0.062
6855.53203 18.924 0.043
6855.57672 19.155 0.059
6855.62222 18.966 0.037
6855.68823 19.002 0.037
6855.73282 18.940 0.038
6855.77933 19.081 0.043
6855.81443 19.126 0.047
6856.50023 18.853 0.044
6856.54387 19.046 0.043
6856.59860 18.922 0.034
6856.65485 19.187 0.043
6856.69855 19.020 0.037
6856.74421 19.059 0.040
6856.78649 19.100 0.054
6857.48583 18.969 0.038
6857.52729 19.109 0.041
6857.57209 18.945 0.036
6857.64006 19.034 0.031
6857.68498 18.987 0.033
6857.73272 19.178 0.039
6857.77816 18.925 0.038
6858.48346 19.006 0.038
6858.52791 19.027 0.036
6858.57231 19.081 0.032
6858.63932 18.975 0.033
6858.68359 19.179 0.036
6858.72757 18.947 0.035
6858.77186 19.184 0.043
6859.58677 19.014 0.061
6859.65599 19.112 0.043
6859.70473 18.905 0.044
6859.75067 19.074 0.060
6862.56092 18.980 0.052
6862.62850 19.186 0.055
6862.67240 18.946 0.043
6862.71912 19.087 0.048
6862.76105 19.082 0.045
6863.48642 19.135 0.043
6863.53099 18.883 0.030
6863.60159 19.082 0.031
6863.64630 18.975 0.032
6863.69141 19.180 0.041
6863.73870 18.981 0.041
6863.77819 18.930 0.043
6864.50309 18.985 0.043
6864.54886 19.093 0.043
6864.61487 18.960 0.038
6864.65997 19.024 0.039
6864.70594 18.875 0.035
6864.75536 19.253 0.053
6865.54769 18.923 0.037
6865.67206 18.971 0.040
6866.55727 18.976 0.048
6866.73040 18.948 0.043
6866.76464 19.049 0.046
6866.79883 19.105 0.056
6870.49245 19.205 0.051
6870.54262 18.961 0.049
6870.60532 19.140 0.043
6870.68916 18.939 0.045
6870.73792 18.999 0.051
6871.55257 19.041 0.038
6871.62853 18.961 0.043
6872.52952 19.137 0.055
6872.61354 19.136 0.051
6872.66777 18.961 0.042
6872.72959 19.041 0.048
6873.51615 19.056 0.051
6873.59973 18.994 0.047
6874.65852 19.178 0.045
6879.48401 18.979 0.068
6879.54346 18.965 0.078
6879.59502 18.805 0.049
6879.66309 19.231 0.086
6879.72497 18.942 0.068
6880.48922 18.876 0.076
6880.57750 19.101 0.079
6880.63908 19.015 0.070
6880.68874 19.003 0.074
6880.73412 19.175 0.093
6881.49653 19.103 0.058
6881.57774 19.056 0.058
6881.64615 19.030 0.052
6881.71973 19.051 0.063
6882.48992 18.921 0.043
6882.54778 19.056 0.048
6882.59360 19.014 0.047
6882.63945 19.146 0.040
6882.68747 18.982 0.041
6882.73368 19.052 0.055
6883.47806 18.970 0.046
6883.52171 19.036 0.040
6883.56726 18.984 0.036
6883.62975 19.241 0.059
6883.65164 18.932 0.047
6883.66854 18.968 0.045
6883.68603 18.877 0.050
6883.73086 19.023 0.056
6884.69077 19.119 0.045
6884.73091 19.042 0.061
6885.50312 19.093 0.043
6885.57198 18.987 0.036
6885.61666 19.101 0.036
6885.66715 19.030 0.035
6885.71269 19.022 0.045
6886.49012 18.979 0.046
6886.55984 18.970 0.037
6886.60507 19.069 0.042
6886.65190 18.923 0.038
6886.69810 19.249 0.059
6887.47708 18.957 0.043
6887.54327 19.098 0.040
6887.59254 18.930 0.028
6887.63956 19.077 0.035
6887.68950 19.040 0.042
6888.47515 18.942 0.038
6888.54171 18.994 0.032
6888.58802 18.940 0.035
6888.63923 19.135 0.043
6888.69081 19.006 0.047
6889.49170 19.001 0.039
6889.55835 19.133 0.040
6889.60569 19.016 0.038
6889.65294 18.997 0.036
6889.69811 19.043 0.046
6890.50242 19.064 0.043
6890.56210 18.962 0.040
6890.60873 18.915 0.041
6890.65333 19.167 0.045
6890.69547 18.910 0.044
6891.47007 18.985 0.078
6891.50526 19.183 0.049
6891.56397 19.020 0.036
6891.61302 19.011 0.043
6891.65857 19.001 0.047
6891.70125 19.095 0.057
6895.52827 19.059 0.037
6895.58261 18.928 0.032
6895.62944 19.175 0.044
6895.67510 19.005 0.039
6896.49809 19.143 0.044
6896.56524 18.990 0.043
6896.60924 19.203 0.047
6898.47415 18.922 0.049
6898.61342 19.181 0.062
6900.48900 18.964 0.035
6900.50874 18.956 0.037
6900.52268 19.026 0.033
6900.53662 19.161 0.037
6907.47718 19.051 0.055
6907.52720 18.978 0.042
6907.57080 19.127 0.048
6907.61404 19.025 0.055
6907.65339 18.873 0.049
6908.48024 18.932 0.067
6908.51027 19.119 0.061
6908.52357 19.136 0.065
6908.56256 18.984 0.045
6908.61593 18.976 0.053
6908.64281 19.378 0.087
6909.52644 19.100 0.075
6909.58317 19.097 0.068
6909.62720 18.998 0.068
6909.65126 19.033 0.091
6910.57780 19.190 0.084
6912.47757 19.200 0.069
6912.51781 18.984 0.043
6912.56791 19.009 0.043
6912.61185 19.044 0.053
6912.64487 19.067 0.059
6915.51998 19.006 0.040
6915.56302 19.137 0.047
6915.60718 19.043 0.056
6916.49934 19.073 0.045
6918.48760 19.022 0.068
6918.54509 19.246 0.061
6918.58949 18.973 0.050
6918.63793 19.247 0.087
6919.52940 19.082 0.057
6919.57324 19.029 0.048
6920.51131 18.842 0.058
6921.62851 18.979 0.042
6922.50992 19.097 0.055
6922.55372 18.856 0.044
6922.59893 19.135 0.056
6923.49931 18.901 0.058
6923.54747 19.106 0.067
6923.60333 18.967 0.064
6924.51218 19.128 0.056
6924.55569 19.037 0.048
6924.60111 19.038 0.055
6925.52309 19.033 0.058
6925.56685 18.985 0.048
6925.61229 18.897 0.048
6926.51333 18.968 0.057
6926.56223 18.952 0.043
6926.60563 18.847 0.039
6927.53821 18.976 0.058
6927.58193 19.137 0.069
6928.48223 19.321 0.105
6928.54440 19.113 0.068
6928.58912 19.047 0.074
6929.52002 19.169 0.062
6929.57596 18.802 0.044
6930.48733 19.154 0.132
6930.53708 19.041 0.073
6930.58858 19.238 0.076
6936.50212 19.068 0.051
6936.54908 19.018 0.063
6937.50186 19.011 0.058
6937.54616 19.026 0.058
6938.48672 19.103 0.092
6938.53097 19.089 0.076
6938.57338 19.200 0.080
6940.48623 18.974 0.082
6940.53564 19.040 0.069
6941.49981 18.946 0.063
6942.50536 19.221 0.063
6942.54886 19.078 0.061
6943.50395 19.172 0.076
6944.48858 18.876 0.048
6944.54125 19.165 0.060
6947.50257 18.957 0.056
6948.48961 19.116 0.095
6949.52687 19.240 0.083
6950.53955 18.898 0.061
6951.49066 19.028 0.068
6951.54838 19.033 0.060
6953.49607 19.232 0.083
6954.53176 19.079 0.069
6955.52215 19.037 0.051
6956.53762 18.917 0.058
7059.88047 19.001 0.088
7060.87017 19.319 0.087
7060.88628 18.962 0.064
7061.86656 18.816 0.047
7061.88222 18.975 0.053
7062.86408 19.032 0.053
7062.87971 18.976 0.046
7063.87690 18.999 0.057
7064.87366 18.943 0.047
7065.86552 18.985 0.057
7066.85841 19.246 0.088
7069.84289 19.035 0.054
7069.88154 18.972 0.042
7070.85506 19.003 0.041
7070.89297 19.069 0.044
7071.86741 18.949 0.034
7072.83721 18.959 0.046
7072.87508 18.943 0.039
7074.85097 19.024 0.069
7074.89111 18.955 0.050
7075.82922 18.899 0.050
7075.86835 18.974 0.044
7076.83088 18.929 0.041
7076.86893 19.139 0.039
7077.82866 18.935 0.053
7077.86626 18.906 0.043
7078.82395 18.836 0.045
7078.85726 19.052 0.040
7078.89497 19.038 0.037
7079.89425 18.949 0.066
7080.84033 18.931 0.042
7080.89056 19.183 0.044
7081.89150 19.048 0.053
7082.81524 19.017 0.047
7082.85902 19.009 0.032
7082.89849 19.001 0.039
7083.83716 19.023 0.055
7083.88114 19.190 0.046
7084.81902 18.991 0.047
7084.86142 19.049 0.043
7084.90628 18.949 0.043
7085.80496 19.145 0.051
7085.87959 18.986 0.038
7086.81031 18.889 0.048
7086.85630 19.128 0.047
7086.90030 18.947 0.037
7087.82254 19.109 0.055
7087.86781 18.935 0.042
7088.79958 19.060 0.045
7088.83891 19.003 0.041
7088.88348 19.118 0.047
7089.79761 19.000 0.047
7089.84925 19.241 0.055
7089.89301 18.944 0.043
7090.81400 19.093 0.054
7090.85861 18.873 0.037
7090.90320 19.190 0.044
7091.81194 18.950 0.041
7091.85694 18.980 0.042
7091.90201 18.972 0.043
7092.80680 19.038 0.043
7092.84650 19.139 0.043
7092.88524 18.928 0.035
7093.87679 18.982 0.035
7097.79549 18.967 0.034
7097.83950 19.063 0.030
7097.88359 18.961 0.028
7098.78729 19.145 0.045
7098.83372 18.926 0.030
7098.88764 18.994 0.032
7099.76719 18.997 0.043
7099.78468 19.056 0.040
7099.82922 18.969 0.034
7099.84425 18.969 0.037
7099.86085 19.080 0.041
7099.89025 19.042 0.037
7099.91828 18.918 0.059
7100.79579 19.005 0.040
7100.84159 19.109 0.039
7100.88697 18.948 0.035
7101.78840 19.050 0.067
7101.86876 19.070 0.053
7101.91357 18.998 0.062
7102.81673 18.932 0.059
7102.87827 19.041 0.053
7104.82005 18.931 0.030
7108.80694 19.162 0.073
7108.85389 18.812 0.038
7109.75426 19.137 0.049
7109.80343 19.003 0.043
7109.85795 19.126 0.046
7109.90794 18.981 0.036
7110.76726 18.965 0.032
7110.81238 18.999 0.029
7110.87778 18.902 0.028
7111.74852 18.893 0.041
7111.78817 19.192 0.044
7111.84439 18.931 0.033
7111.90023 19.116 0.036
7112.74427 19.337 0.077
7112.79587 18.941 0.042
7112.85920 19.179 0.044
7112.90747 18.956 0.030
7113.74874 18.982 0.041
7113.79421 19.171 0.039
7113.83839 19.025 0.032
7113.89504 19.045 0.036
7114.76083 19.066 0.046
7114.80526 18.956 0.035
7114.86082 19.005 0.036
7114.90767 18.956 0.032
7115.72738 19.116 0.056
7115.77586 18.984 0.039
7115.81910 18.997 0.039
7115.86279 19.054 0.035
7116.72299 19.033 0.067
7116.77063 19.096 0.053
7116.81480 19.232 0.059
7116.87778 18.967 0.039
7116.92280 19.042 0.053
7117.75280 19.083 0.044
7117.79772 18.988 0.037
7117.84255 18.959 0.035
7117.90017 18.930 0.029
7118.75651 18.865 0.049
7118.81145 19.035 0.041
7118.86284 18.957 0.033
7118.91118 19.034 0.040
7119.76343 18.965 0.056
7119.78623 19.188 0.056
7119.82939 18.943 0.046
7119.87398 19.149 0.049
7119.92093 19.017 0.053
7120.74567 19.050 0.042
7120.78777 18.950 0.038
7120.82480 18.991 0.036
7120.86403 19.080 0.036
7120.90426 18.886 0.048
7125.73124 19.011 0.041
7125.78039 18.976 0.037
7125.82769 18.991 0.035
7125.88933 18.849 0.032
7126.69815 19.084 0.044
7126.74483 18.907 0.033
7126.79754 19.037 0.031
7126.87202 18.926 0.029
7126.92420 19.193 0.047
7127.73277 18.890 0.031
7129.68917 19.088 0.051
7129.73360 18.984 0.035
7129.77774 19.074 0.034
7129.84011 18.915 0.033
7129.88592 19.157 0.044
7129.93017 19.093 0.050
7130.71465 19.032 0.043
7130.75863 19.139 0.052
7130.81157 18.942 0.037
7130.86962 19.045 0.043
7130.91193 19.013 0.045
7131.70146 19.051 0.043
7131.74521 19.001 0.034
7131.80185 19.099 0.033
7131.85556 18.948 0.027
7131.90281 19.004 0.035
7132.68214 19.112 0.065
7132.72591 18.897 0.039
7132.76923 19.100 0.043
7132.83973 18.874 0.029
7133.82214 18.874 0.034
7133.87013 18.925 0.036
7133.91450 18.938 0.041
7134.68779 19.042 0.047
7134.72458 19.037 0.044
7134.76901 18.901 0.037
7134.82342 19.087 0.039
7134.88057 18.922 0.033
7134.92500 19.046 0.038
7135.71183 18.964 0.032
7135.75540 19.124 0.034
7135.79980 19.003 0.030
7135.86799 19.156 0.033
7135.91248 18.989 0.031
7136.68884 18.806 0.033
7136.73273 19.072 0.043
7136.77617 18.977 0.035
7136.82969 19.186 0.048
7136.88632 18.979 0.041
7136.93068 19.227 0.078
7137.69793 19.052 0.033
7137.74226 18.901 0.028
7137.78668 19.159 0.032
7137.85285 18.885 0.032
7137.89866 19.010 0.043
7138.66359 18.936 0.059
7138.69771 19.013 0.042
7138.74302 19.183 0.045
7138.78712 18.942 0.031
7138.85376 19.066 0.036
7138.89911 18.864 0.033
7139.66444 19.077 0.064
7139.73785 19.072 0.042
7139.78061 19.064 0.041
7139.84408 19.018 0.041
7139.89167 18.961 0.037
7140.65959 19.143 0.061
7140.69702 19.005 0.051
7140.73876 18.965 0.040
7140.78191 19.189 0.040
7140.84396 18.940 0.043
7140.89093 18.999 0.041
7140.93499 18.975 0.063
7141.68699 18.837 0.033
7141.73096 19.117 0.035
7141.77533 18.895 0.026
7141.83788 19.058 0.028
7141.88817 18.908 0.031
7141.93277 19.032 0.058
7142.68137 19.048 0.034
7142.72725 18.912 0.030
7142.77195 18.892 0.032
7142.82695 18.947 0.033
7142.88251 19.021 0.036
7142.92648 18.939 0.040
7143.68110 18.928 0.041
7143.72409 18.943 0.039
7143.76822 19.012 0.046
7143.81468 18.911 0.034
7143.86919 19.068 0.042
7143.93312 19.011 0.057
7144.67263 18.967 0.056
7144.71507 19.256 0.073
7144.76991 19.007 0.043
7144.84137 18.963 0.054
7145.68993 19.010 0.055
7145.76591 19.110 0.050
7145.81090 19.049 0.043
7145.85735 18.937 0.042
7145.90303 19.036 0.045
7146.63971 18.900 0.071
7146.67771 18.974 0.051
7146.71469 19.205 0.054
7146.75171 19.067 0.045
7146.78905 18.862 0.038
7146.82968 19.083 0.047
7146.86848 19.076 0.048
7146.90584 18.924 0.046
7147.64625 19.008 0.095
7147.68393 19.148 0.072
7147.72186 19.149 0.064
7147.75922 18.965 0.045
7147.79666 19.105 0.056
7147.83655 19.012 0.070
7147.87776 18.998 0.051
7147.91537 18.975 0.052
7148.79364 19.073 0.052
7148.86805 19.295 0.082
7150.81549 19.091 0.060
7150.83163 18.779 0.049
7151.70168 18.848 0.071
7151.81031 19.007 0.055
7151.82627 19.120 0.059
7152.75415 18.911 0.042
7152.80127 19.258 0.054
7152.84607 18.955 0.042
7152.89104 19.007 0.054
7152.93503 19.128 0.058
7153.65447 19.171 0.044
7153.69841 18.925 0.034
7153.74284 19.090 0.034
7153.78701 19.087 0.033
7153.83375 19.008 0.033
7153.87749 19.035 0.037
7153.92301 18.980 0.040
7154.66539 18.925 0.029
7154.71467 19.064 0.034
7154.75847 18.955 0.034
7154.82178 19.163 0.043
7154.87490 18.871 0.032
7154.91825 18.991 0.033
7155.63419 18.936 0.043
7155.68182 19.056 0.038
7155.72625 18.871 0.030
7155.77288 19.004 0.033
7155.83988 18.810 0.033
7155.88317 19.113 0.043
7155.92672 19.086 0.041
7156.63570 19.025 0.034
7156.67655 18.972 0.033
7156.72208 19.164 0.038
7156.79963 18.898 0.027
7157.61565 19.066 0.043
7157.65980 18.923 0.031
7157.70929 19.094 0.035
7157.80774 19.319 0.050
7157.87125 18.879 0.038
7157.91581 19.122 0.044
7158.65133 19.125 0.044
7158.69557 19.057 0.038
7158.73928 19.050 0.037
7158.79444 19.083 0.037
7158.85035 18.958 0.036
7158.89386 19.145 0.049
7158.93804 18.859 0.051
7159.63797 19.024 0.041
7159.68156 18.951 0.034
7159.72537 19.078 0.043
7159.78091 18.913 0.032
7159.83640 19.133 0.038
7159.88022 19.025 0.038
7159.92483 19.165 0.047
7160.64489 18.875 0.041
7160.68977 19.223 0.049
7160.73311 18.863 0.032
7160.80117 19.135 0.042
7160.84445 18.867 0.030
7160.89232 19.014 0.039
7160.93612 19.003 0.052
7161.64004 19.123 0.046
7161.70272 18.844 0.028
7161.75582 19.135 0.033
7161.81229 18.923 0.030
7161.85664 19.105 0.032
7161.90252 19.054 0.038
7162.60112 19.128 0.046
7162.64575 18.932 0.044
7162.69040 19.036 0.039
7162.73391 19.022 0.038
7162.80075 19.086 0.041
7162.84477 18.965 0.040
7162.89169 18.994 0.038
7162.93526 19.160 0.053
7163.64026 19.073 0.058
7163.68488 19.037 0.048
7163.72921 18.866 0.038
7163.79397 19.107 0.040
7163.83837 18.882 0.032
7163.88240 19.095 0.046
7163.92613 18.896 0.051
7164.71053 19.057 0.043
7164.75603 18.977 0.038
7164.81192 19.081 0.043
7164.86505 18.996 0.042
7164.90830 18.833 0.037
7165.60339 19.002 0.050
7166.59958 18.980 0.057
7166.64347 19.118 0.051
7166.68668 19.071 0.047
7166.75030 19.141 0.040
7166.79842 19.003 0.043
7166.84274 18.932 0.040
7166.88690 19.124 0.053
7166.93112 19.001 0.063
7168.72365 18.851 0.043
7169.58534 18.961 0.043
7169.63042 19.138 0.043
7169.67487 18.933 0.031
7169.71944 19.024 0.035
7169.78604 18.979 0.031
7169.84040 19.087 0.035
7169.88444 19.012 0.036
7169.92891 18.962 0.041
7170.60316 19.136 0.050
7170.64739 18.874 0.032
7170.69156 19.142 0.043
7170.74537 18.882 0.034
7170.80524 19.027 0.037
7170.85198 18.948 0.042
7170.89487 19.026 0.041
7171.86419 19.518 0.069
7172.57801 18.815 0.055
7172.62134 19.016 0.060
7172.66589 18.950 0.043
7172.71026 18.992 0.040
7172.77628 18.959 0.043
7172.82007 19.094 0.049
7172.87131 18.961 0.046
7172.91517 19.020 0.050
7173.57392 19.231 0.090
7173.62648 18.865 0.050
7173.67217 19.096 0.050
7173.72685 18.841 0.036
7173.79163 19.232 0.053
7173.83845 18.914 0.040
7173.88233 19.054 0.049
7173.92648 19.085 0.050
7174.58031 18.834 0.062
7174.62192 19.050 0.053
7174.66620 19.000 0.047
7174.70997 18.994 0.046
7174.76381 19.087 0.048
7174.80876 18.899 0.044
7174.85230 19.223 0.065
7174.89911 19.018 0.064
7174.94274 19.057 0.066
7175.60367 19.231 0.085
7175.69468 19.248 0.063
7175.75372 18.941 0.046
7175.84748 19.073 0.055
7175.88905 19.129 0.076
7175.92870 19.355 0.093
7176.70774 18.886 0.051
7176.82749 19.096 0.072
7176.93145 18.820 0.067
7177.77740 18.880 0.048
7178.68764 19.271 0.065
7178.80578 18.904 0.043
7178.93702 18.962 0.073
7179.56207 19.104 0.064
7179.60608 18.998 0.062
7179.64913 19.054 0.064
7179.69293 18.917 0.047
7179.74046 19.116 0.056
7179.78506 19.086 0.055
7179.83378 19.125 0.061
7179.87766 19.191 0.063
7179.92217 18.858 0.049
7180.57288 18.945 0.051
7180.61579 19.064 0.059
7180.65876 18.761 0.041
7180.70280 18.990 0.039
7180.75032 18.925 0.041
7180.80153 18.967 0.041
7180.84847 19.009 0.044
7180.89362 19.055 0.048
7180.93537 19.015 0.058
7181.58250 19.117 0.040
7181.62566 18.854 0.032
7181.69436 19.078 0.041
7181.74168 18.976 0.044
7181.78706 19.083 0.047
7181.83167 18.881 0.043
7181.87922 19.134 0.054
7181.92352 18.987 0.057
7182.57098 18.934 0.037
7182.61430 19.077 0.036
7182.65783 19.112 0.038
7182.72148 19.012 0.040
7182.77757 18.951 0.035
7182.82106 18.944 0.036
7182.86803 19.149 0.049
7182.91305 18.994 0.047
7183.54783 19.145 0.058
7183.59672 19.202 0.046
7183.64044 18.937 0.041
7183.69365 19.192 0.052
7183.75204 18.933 0.039
7183.79533 19.172 0.043
7183.84291 18.968 0.042
7183.88773 19.025 0.054
7183.93034 19.109 0.060
7184.60380 18.974 0.055
7184.64698 19.029 0.055
7184.69084 18.927 0.043
7184.75781 19.115 0.043
7184.80163 18.882 0.041
7184.84854 19.118 0.048
7184.89292 19.039 0.044
7184.93446 18.928 0.058
7185.58268 19.048 0.046
7185.62558 18.989 0.047
7185.67840 18.880 0.043
7185.73565 19.004 0.040
7185.77982 19.064 0.038
7185.82276 19.088 0.049
7185.86889 18.834 0.048
7186.58707 19.038 0.048
7186.63077 18.807 0.062
7186.69890 19.082 0.058
7186.82936 18.919 0.042
7186.87287 19.012 0.048
7186.91595 19.433 0.103
7187.58098 18.887 0.040
7187.62498 19.050 0.053
7187.68764 18.960 0.032
7187.73465 19.122 0.038
7187.77929 19.097 0.044
7187.82836 19.021 0.041
7187.87145 19.015 0.040
7187.91331 18.891 0.050
7188.58025 19.000 0.044
7188.62366 18.997 0.038
7188.66665 18.924 0.041
7188.73767 18.897 0.037
7188.78218 18.958 0.056
7188.82815 19.114 0.069
7189.55401 19.183 0.062
7189.59938 18.882 0.037
7189.66400 19.095 0.044
7189.71187 19.000 0.038
7189.75737 19.053 0.044
7189.80654 18.912 0.035
7189.85005 19.017 0.044
7189.89367 19.147 0.061
7190.53312 19.191 0.069
7190.61068 19.097 0.045
7190.65657 18.933 0.035
7190.69359 19.011 0.036
7190.72619 19.122 0.045
7190.77268 18.945 0.041
7190.82393 19.030 0.048
7190.86889 18.981 0.045
7190.88984 19.026 0.064
7190.90252 18.812 0.059
7190.91433 19.011 0.091
7191.60805 18.936 0.045
7191.65202 18.938 0.035
7191.79191 19.103 0.052
7191.83742 18.902 0.051
7192.82574 18.884 0.028
7192.85540 19.115 0.045
7193.58149 18.962 0.033
7193.61777 19.099 0.037
7193.66155 18.907 0.025
7193.70234 19.163 0.032
7193.74895 18.911 0.030
7193.80230 19.022 0.031
7193.85221 19.012 0.036
7193.88566 18.843 0.035
7194.53655 18.950 0.032
7194.58491 19.067 0.035
7194.62943 18.933 0.032
7194.69920 18.991 0.033
7194.74632 18.898 0.035
7194.79072 18.867 0.038
7195.53298 19.322 0.054
7195.56246 19.127 0.036
7195.59480 18.804 0.027
7196.85060 18.967 0.049
7196.86545 18.888 0.041
7197.52775 19.025 0.063
7197.57052 19.100 0.047
7197.61717 19.020 0.034
7197.66205 19.146 0.038
7197.71791 18.877 0.033
7197.77139 19.109 0.041
7197.81585 18.854 0.036
7197.86391 19.148 0.072
7198.53873 18.858 0.040
7198.58155 19.072 0.045
7198.62682 19.124 0.043
7198.68237 19.017 0.040
7198.73880 19.062 0.043
7198.78205 18.819 0.039
7198.82781 18.947 0.070
7198.87979 19.122 0.069
7199.52952 19.092 0.047
7199.57264 19.189 0.045
7199.61605 18.983 0.038
7199.66058 19.130 0.033
7199.72623 18.900 0.030
7199.76979 19.103 0.039
7199.81284 18.944 0.032
7199.85842 18.886 0.035
7200.49614 18.921 0.053
7200.54218 19.026 0.039
7200.59839 18.912 0.031
7200.64200 19.204 0.035
7200.68965 18.954 0.030
7200.73467 19.014 0.037
7200.78191 18.989 0.041
7200.82828 19.051 0.044
7200.88247 19.040 0.041
7202.58652 18.960 0.057
7202.60721 19.018 0.058
7202.69526 18.841 0.049
7202.74552 19.041 0.062
7202.78895 19.046 0.082
7202.85043 18.831 0.069
7202.89198 18.910 0.057
7206.55967 19.025 0.072
7206.60412 19.122 0.069
7206.65055 18.985 0.067
7206.70569 19.062 0.063
7206.74868 18.970 0.050
7206.79379 18.934 0.050
7206.83660 19.029 0.071
7207.52782 18.990 0.051
7207.57211 19.142 0.054
7207.61550 18.955 0.047
7207.66163 19.171 0.060
7207.70755 19.106 0.056
7207.75140 19.096 0.068
7207.79891 19.004 0.069
7207.81935 18.972 0.060
7207.86561 19.134 0.098
7208.49234 18.966 0.049
7209.62205 18.985 0.047
7209.65462 18.921 0.045
7209.69739 19.160 0.054
7209.74104 18.974 0.043
7209.78489 19.080 0.058
7209.82727 19.153 0.068
7210.81710 19.025 0.072
7210.83887 19.099 0.075
7210.85228 19.179 0.077
7211.47630 18.885 0.058
7211.51915 19.120 0.057
7211.56200 18.891 0.036
7211.60471 19.101 0.041
7211.66267 18.836 0.031
7211.71614 19.147 0.041
7211.75935 18.980 0.038
7211.80312 18.985 0.046
7211.84615 18.937 0.058
7212.59947 18.951 0.032
7212.80267 19.019 0.051
7214.52681 18.847 0.044
7214.57934 19.273 0.056
7214.62917 19.192 0.043
7214.68364 19.381 0.056
7214.74197 18.713 0.031
7214.82979 19.019 0.065
7217.56842 19.140 0.051
7217.62146 18.954 0.043
7217.75044 19.005 0.047
7217.79198 19.155 0.054
7219.49693 19.143 0.066
7219.56359 18.954 0.049
7219.60843 19.161 0.039
7219.67461 19.044 0.035
7219.71838 19.109 0.037
7220.47183 19.093 0.069
7220.48542 18.974 0.052
7220.52799 19.014 0.044
7220.57090 19.075 0.036
7220.62674 18.954 0.026
7220.68217 19.121 0.031
7220.72624 18.937 0.029
7220.77533 19.239 0.042
7220.81735 18.865 0.038
7221.49907 18.898 0.048
7221.54300 18.984 0.042
7221.58625 18.935 0.035
7221.65247 19.044 0.034
7221.69591 18.865 0.028
7221.73964 19.237 0.042
7221.78326 18.964 0.034
7221.82235 19.003 0.046
7222.50826 19.015 0.050
7222.55605 19.189 0.051
7222.60473 19.157 0.039
7222.69109 19.105 0.066
7222.73463 18.809 0.037
7222.79068 19.087 0.051
7223.50187 18.989 0.059
7223.54724 19.227 0.060
7223.59080 18.961 0.043
7223.65563 19.106 0.043
7223.69925 18.886 0.042
7223.74231 19.040 0.051
7224.46743 18.988 0.048
7224.51151 19.198 0.055
7224.55829 18.879 0.035
7224.60831 19.066 0.052
7224.67871 18.992 0.046
7224.73174 19.018 0.052
7224.77461 18.827 0.035
7225.48381 19.162 0.053
7225.52713 18.913 0.038
7225.57054 18.964 0.038
7226.47131 18.802 0.055
7226.51528 19.143 0.053
7226.55909 18.864 0.037
7226.61761 19.275 0.047
7226.67104 18.944 0.032
7226.71471 19.040 0.036
7226.75759 19.050 0.048
7226.80005 18.826 0.036
7227.49826 19.032 0.071
7227.54158 18.932 0.031
7227.59451 19.131 0.036
7227.64094 19.011 0.031
7227.69663 19.147 0.035
7227.73940 18.865 0.036
7227.78390 19.153 0.050
7228.48535 18.872 0.044
7228.52983 19.134 0.054
7228.57355 19.063 0.042
7228.64028 18.980 0.038
7228.69065 18.910 0.057
7228.73644 19.049 0.041
7228.79174 19.158 0.046
7229.49928 19.162 0.049
7229.54250 18.918 0.036
7229.58588 19.020 0.031
7229.63123 19.160 0.045
7229.67831 18.816 0.036
7229.72170 19.049 0.043
7229.76486 18.962 0.044
7233.57402 18.935 0.090
7233.59468 18.882 0.105
7233.67190 18.926 0.067
7233.72177 18.875 0.102
7234.64325 18.973 0.102
7235.51757 19.145 0.081
7235.64959 18.962 0.049
7235.69874 18.998 0.051
7235.74811 18.842 0.051
7236.47761 18.906 0.052
7236.52555 19.083 0.054
7236.57407 18.851 0.042
7236.61204 19.062 0.051
7248.48070 19.026 0.051
7249.47891 19.078 0.067
7249.53159 19.031 0.051
7249.58587 18.961 0.038
7249.62430 18.946 0.042
7249.66240 19.186 0.050
7249.70134 18.970 0.052
7250.55786 18.923 0.040
7250.61749 19.393 0.058
7250.67999 18.869 0.039
7252.53521 19.057 0.050
7252.60441 18.996 0.046
7252.67166 18.875 0.038
7252.71464 19.061 0.047
7253.50469 19.015 0.044
7253.57283 19.064 0.037
7253.61865 18.940 0.034
7253.66747 19.053 0.039
7255.49153 19.192 0.048
7255.55617 18.942 0.044
7255.60623 19.021 0.044
7255.64991 18.995 0.043
7256.51057 18.952 0.043
7256.57940 19.130 0.069
7256.62350 18.876 0.043
7256.66745 19.139 0.067
7257.58813 18.999 0.049
7257.65487 18.983 0.043
7257.69709 18.936 0.039
7258.47876 19.149 0.087
7258.50085 19.074 0.046
7258.59996 18.958 0.081
7258.65026 18.877 0.060
7258.68468 19.097 0.074
7261.53097 19.109 0.095
7261.57464 19.331 0.092
7261.61326 18.834 0.063
7261.65896 18.940 0.073
7263.49593 19.065 0.048
7263.54319 19.006 0.049
7263.58810 19.041 0.039
7263.63295 18.849 0.043
7263.67641 18.905 0.040
7264.50334 19.059 0.050
7264.54987 19.231 0.053
7264.59468 18.956 0.044
7264.64035 19.016 0.050
7264.70191 18.982 0.061
7265.52786 19.123 0.043
7265.57325 18.999 0.039
7265.61774 19.171 0.046
7265.68998 18.875 0.044
7266.55464 19.041 0.048
7267.47905 18.934 0.052
7267.53669 19.074 0.046
7267.59316 19.005 0.038
7267.63846 19.145 0.043
7268.48021 19.033 0.040
7268.53550 18.951 0.029
7268.60823 19.134 0.034
7268.65184 18.906 0.030
7268.69010 18.910 0.038
7269.51630 18.980 0.039
7269.56971 19.134 0.038
7269.63789 18.968 0.036
7269.68136 19.008 0.039
7270.49227 18.967 0.039
7270.53767 19.050 0.038
7270.59168 18.991 0.034
7270.65460 19.037 0.043
7270.69078 18.891 0.041
7271.53278 18.947 0.048
7271.57651 19.117 0.053
7272.47985 19.033 0.066
7272.52896 18.932 0.045
7272.57281 19.307 0.071
7273.54889 18.895 0.049
7273.59361 19.156 0.061
7273.64892 18.956 0.050
7273.68177 18.971 0.046
7275.53887 19.072 0.082
7275.59314 18.915 0.062
7275.63758 19.096 0.074
7275.67724 18.790 0.060
7277.49883 18.940 0.046
7277.54309 19.128 0.052
7277.60860 18.847 0.043
7277.65413 19.027 0.054
7278.48198 19.199 0.083
7278.52629 18.903 0.059
7278.59802 18.915 0.038
7278.64095 18.988 0.051
7281.49231 19.297 0.080
7281.53914 18.995 0.054
7283.57496 18.794 0.052
7284.48187 19.095 0.049
7284.54849 18.966 0.040
7284.60898 18.761 0.036
7291.54473 18.857 0.067
7292.50383 18.914 0.067
7292.57565 18.841 0.065
7293.48652 19.032 0.065
7293.53312 19.056 0.053
7293.60239 18.935 0.043
7294.54480 18.786 0.057
7294.59554 18.991 0.081
7295.50463 18.954 0.052
7295.57791 19.021 0.046
7296.56969 18.487 0.040
7299.49422 19.221 0.065
7299.54355 18.894 0.044
7299.58468 19.060 0.055
7300.52319 18.976 0.056
7307.53559 18.786 0.050
7311.48683 19.050 0.069
7311.53331 19.169 0.045
7312.50872 18.979 0.055
7317.50934 19.070 0.073
7318.50847 18.823 0.047
7320.50868 18.927 0.074
7324.49399 18.917 0.117
7324.52704 18.982 0.077
7325.52544 19.064 0.066
7329.51705 18.917 0.064
7332.50086 19.019 0.095
